key_ID,name,year_received_the_Order_of_the_Elephant,birth_date,certainty_of_birth_date,year_of_death,certainty_of_year_of_death,region,continent,reigning_monarch_of_Denmark,beginning_of_rule,end_of_rule
1,Eiler_Hardenberg,1559,1500,uncertain,1565,certain,Denmark,Europe,Frederik_II,1559,1588
2,Verner_Parsberg,1559,1511,certain,1567,certain,Denmark,Europe,Frederik_II,1559,1588
3,Niels_Lange,1559,NA,uncertain,1564,certain,Denmark,Europe,Frederik_II,1559,1588
4,Børge_Trolle,1559,1501,certain,1571,certain,Denmark,Europe,Frederik_II,1559,1588
5,Herluf_Trolle,1559,1516,certain,1565,certain,Denmark,Europe,Frederik_II,1559,1588
6,Erik_Krabbe,1559,1510,certain,1564,certain,Denmark,Europe,Frederik_II,1559,1588
7,Jørgen_Lykke,1559,NA,uncertain,1583,certain,Denmark,Europe,Frederik_II,1559,1588
8,Tage_Ottesen_Thott,1559,NA,uncertain,1562,certain,Denmark,Europe,Frederik_II,1559,1588
9,Lave_Truidsen_Ulfstand,1559,NA,uncertain,1561,certain,Denmark,Europe,Frederik_II,1559,1588
10,Corfitz_Ulfeldt,1559,1520,uncertain,1563,certain,Denmark,Europe,Frederik_II,1559,1588
11,Jens_Truidsen_Ulfstand,1559,NA,uncertain,1566,certain,Denmark,Europe,Frederik_II,1559,1588
12,Albret_Skeel,1559,NA,uncertain,1568,certain,Denmark,Europe,Frederik_II,1559,1588
13,Frands_Brockenhuus,1559,1518,certain,1569,certain,Denmark,Europe,Frederik_II,1559,1588
14,Otte_Brahe,1559,1518,certain,1571,certain,Denmark,Europe,Frederik_II,1559,1588
15,Holger_Rosenkrantz,1559,1517,certain,1575,certain,Denmark,Europe,Frederik_II,1559,1588
16,Erik_Rud,1559,1519,certain,1577,certain,Denmark,Europe,Frederik_II,1559,1588
17,Jacob_Brockenhuus,1559,1521,certain,1577,certain,Denmark,Europe,Frederik_II,1559,1588
18,Hans_den_Yngre,1580,1545,certain,1622,certain,Denmark,Europe,Frederik_II,1559,1588
19,Henrik_Rantzau,1580,1526,certain,1598,certain,Denmark,Europe,Frederik_II,1559,1588
20,Christoffer_Valkendorf,1580,1525,certain,1601,certain,Denmark,Europe,Frederik_II,1559,1588
21,Bendix_Ahlefeldt,1580,1546,certain,1606,certain,Denmark,Europe,Frederik_II,1559,1588
22,Jørgen_Ottesen_Rosenkrantz,1580,1523,certain,1596,certain,Denmark,Europe,Frederik_II,1559,1588
23,Tyge_Brahe,1580,1546,certain,1601,certain,Denmark,Europe,Frederik_II,1559,1588
24,Steen_Brahe,1580,1547,certain,1620,certain,Denmark,Europe,Frederik_II,1559,1588
25,Johann_VII,1580,1540,certain,1603,certain,Germany,Europe,Frederik_II,1559,1588
26,Christen_Friis,1634,1581,certain,1639,certain,Denmark,Europe,Christian_IV,1588,1648
27,Albret_Skeel,1634,1572,certain,1639,certain,Denmark,Europe,Christian_IV,1588,1648
28,Jørgen_Urne,1633,1598,certain,1642,certain,Denmark,Europe,Christian_IV,1588,1648
29,Claus_Daa,1633,1579,certain,1641,certain,Denmark,Europe,Christian_IV,1588,1648
30,Mogens_Kaas,1633,1570,certain,1656,certain,Denmark,Europe,Christian_IV,1588,1648
31,Tage_Ottesen_Thott,1633,1580,certain,1658,certain,Denmark,Europe,Christian_IV,1588,1648
32,Christoffer_Ulfeldt,1633,1583,certain,1653,certain,Denmark,Europe,Christian_IV,1588,1648
33,Knud_Gyldenstierne,1633,1573,certain,1636,certain,Denmark,Europe,Christian_IV,1588,1648
34,Frederik_Reedtz,1633,1586,certain,1659,certain,Denmark,Europe,Christian_IV,1588,1648
35,Tage_Andersen_Thott,1633,NA,uncertain,1643,certain,Denmark,Europe,Christian_IV,1588,1648
36,Henrik_Huitfeldt,1633,1583,certain,1652,certain,Denmark,Europe,Christian_IV,1588,1648
37,Palle_Rosenkrantz,1633,1587,certain,1642,certain,Denmark,Europe,Christian_IV,1588,1648
38,Jørgen_Brahe,1633,1585,certain,1661,certain,Denmark,Europe,Christian_IV,1588,1648
39,Otte_Skeel,1634,1576,certain,1634,certain,Denmark,Europe,Christian_IV,1588,1648
40,Christen_Thomesen_Sehested,1634,1590,certain,1657,certain,Denmark,Europe,Christian_IV,1588,1648
41,Hans_Johansen_Lindenov,1634,1573,certain,1642,certain,Denmark,Europe,Christian_IV,1588,1648
42,Just_Høeg,1634,1584,certain,1646,certain,Denmark,Europe,Christian_IV,1588,1648
43,Christoffer_Urne,1634,1593,certain,1663,certain,Denmark,Europe,Christian_IV,1588,1648
44,Cai_von_Ahlefeldt,1634,1591,certain,1670,certain,Denmark,Europe,Christian_IV,1588,1648
45,Caspar_von_Buchwald,1634,1591,certain,1669,certain,Denmark,Europe,Christian_IV,1588,1648
46,Christian_von_Pentz,1634,1600,certain,1651,certain,Denmark,Europe,Christian_IV,1588,1648
47,Didrik_von_Ahlefeldt,1634,1579,certain,1645,certain,Denmark,Europe,Christian_IV,1588,1648
48,Oluf_Parsberg,1634,1590,certain,1661,certain,Denmark,Europe,Christian_IV,1588,1648
49,Axel_Arenfeldt,1634,1590,certain,1647,certain,Denmark,Europe,Christian_IV,1588,1648
50,Corfitz_Ulfeldt,1634,1606,certain,1664,certain,Denmark,Europe,Christian_IV,1588,1648
51,Valdemar_Christian,1634,1622,certain,1656,certain,Denmark,Europe,Christian_IV,1588,1648
52,Christian,1647,1603,certain,1647,certain,Denmark,Europe,Christian_IV,1588,1648
53,Frederik_III,1648,1609,certain,1670,certain,Denmark,Europe,Christian_IV,1588,1648
54,Christian_V,1648,1646,certain,1699,certain,Denmark,Europe,Frederik_III,1648,1670
55,Anders_Bille,1648,1600,certain,1657,certain,Denmark,Europe,Frederik_III,1648,1670
56,Ove_Giedde,1648,1594,certain,1660,certain,Denmark,Europe,Frederik_III,1648,1670
57,Hannibal_Sehested,1648,1609,certain,1666,certain,Denmark,Europe,Frederik_III,1648,1670
58,Gregers_Krabbe,1648,1594,certain,1655,certain,Denmark,Europe,Frederik_III,1648,1670
59,Hans_Lindenov,1648,1616,certain,1659,certain,Denmark,Europe,Frederik_III,1648,1670
60,Iver_Vind,1648,1590,certain,1658,certain,Denmark,Europe,Frederik_III,1648,1670
61,Niels_Trolle,1648,1599,certain,1667,certain,Denmark,Europe,Frederik_III,1648,1670
62,Christian_Rantzau,1648,1614,certain,1663,certain,Denmark,Europe,Frederik_III,1648,1670
63,Henrik_Blome,1648,1616,certain,1676,certain,Denmark,Europe,Frederik_III,1648,1670
64,Falk_Lykke,1648,1583,certain,1650,certain,Denmark,Europe,Frederik_III,1648,1670
65,Henning_Valkendorf,1648,1595,certain,1658,certain,Denmark,Europe,Frederik_III,1648,1670
66,Holger_Rosenkrantz,1648,NA,uncertain,1658,certain,Denmark,Europe,Frederik_III,1648,1670
67,Knud_Ulfeldt,1648,1609,certain,1657,certain,Denmark,Europe,Frederik_III,1648,1670
68,Wenzel_Rothkirck,1648,1597,certain,1655,certain,Denmark,Europe,Frederik_III,1648,1670
69,Axel_Urup,1648,1601,certain,1671,certain,Denmark,Europe,Frederik_III,1648,1670
70,Friedrich_von_Buchwald,1648,1605,certain,1676,certain,Denmark,Europe,Frederik_III,1648,1670
71,Mogens_Sehested,1648,1598,certain,1657,certain,Denmark,Europe,Frederik_III,1648,1670
72,Henrik_Rantzau,1648,1599,certain,1674,certain,Denmark,Europe,Frederik_III,1648,1670
73,Henrik_von_Ahlefeldt,1648,1592,certain,1674,certain,Denmark,Europe,Frederik_III,1648,1670
74,Sivert_Urne,1648,1603,certain,1661,certain,Denmark,Europe,Frederik_III,1648,1670
75,Jens_Høeg,1648,1591,certain,1648,certain,Denmark,Europe,Frederik_III,1648,1670
76,Iver_Krabbe,1648,1602,certain,1666,certain,Denmark,Europe,Frederik_III,1648,1670
77,Flemming_Ulfeldt,1648,1607,certain,1657,certain,Denmark,Europe,Frederik_III,1648,1670
78,Frantz_Pogwisch,1648,1612,uncertain,1653,certain,Denmark,Europe,Frederik_III,1648,1670
79,Ebbe_Christophersen_Ulfeldt,1648,1616,certain,1682,certain,Denmark,Europe,Frederik_III,1648,1670
80,Niels_Krabbe,1648,1603,certain,1663,certain,Denmark,Europe,Frederik_III,1648,1670
81,Steen_Bille,1648,1606,certain,1672,certain,Denmark,Europe,Frederik_III,1648,1670
82,Joachim_Gersdorff,1648,1611,certain,1661,certain,Denmark,Europe,Frederik_III,1648,1670
83,Ebbe_Jakobsen_Ulfeldt,1648,1610,certain,1654,certain,Denmark,Europe,Frederik_III,1648,1670
84,Henrik_Lindenov,1648,NA,uncertain,1673,certain,Denmark,Europe,Frederik_III,1648,1670
85,Henrik_Bielke,1648,1615,certain,1683,certain,Denmark,Europe,Frederik_III,1648,1670
86,Christian_Friis,1648,1617,certain,1657,certain,Denmark,Europe,Frederik_III,1648,1670
87,Johann_Moritz,1649,1604,certain,1679,certain,Germany,Europe,Frederik_III,1648,1670
88,Henrich,1649,1611,certain,1652,certain,Germany,Europe,Frederik_III,1648,1670
89,Johann_Wolfarth_van_Brederode,1649,1599,certain,1655,certain,Netherlands,Europe,Frederik_III,1648,1670
90,Frederik,1651,1651,certain,1652,certain,Denmark,Europe,Frederik_III,1648,1670
91,Georg_Friedrich_Ludwig,1652,1606,certain,1674,certain,Germany,Europe,Frederik_III,1648,1670
92,Johan_van_Reede,1652,1593,certain,1682,certain,Netherlands,Europe,Frederik_III,1648,1670
93,Jørgen,1653,1653,certain,1708,certain,Denmark,Europe,Frederik_III,1648,1670
94,Eberhard_III,1654,1614,certain,1674,certain,Germany,Europe,Frederik_III,1648,1670
95,Jacob_van_Wassenaer,1656,1610,certain,1665,certain,Netherlands,Europe,Frederik_III,1648,1670
96,Friedrich,1656,1615,certain,1682,certain,Germany,Europe,Frederik_III,1648,1670
97,Philip_Meadows,1658,1625,certain,1718,certain,United_Kingdom,Europe,Frederik_III,1648,1670
98,Godard_Adriaan_van_Reede,1660,1621,certain,1691,certain,Netherlands,Europe,Frederik_III,1648,1670
99,Johann_Georg_III,1663,1647,certain,1691,certain,Germany,Europe,Frederik_III,1648,1670
100,Ulrik_Frederik_Gyldenløve,1663,1638,certain,1704,certain,Denmark,Europe,Frederik_III,1648,1670
101,Claus_von_Ahlefeldt,1663,1614,certain,1674,certain,Denmark,Europe,Frederik_III,1648,1670
102,Hans_Schack,1663,1609,certain,1676,certain,Denmark,Europe,Frederik_III,1648,1670
103,Peder_Reedtz,1663,1614,certain,1674,certain,Denmark,Europe,Frederik_III,1648,1670
104,Frederik_Ahlefeldt,1663,1623,certain,1686,certain,Denmark,Europe,Frederik_III,1648,1670
105,Johan_Christopher_von_Körbitz,1663,1612,certain,1682,certain,Denmark,Europe,Frederik_III,1648,1670
106,Ernst_Albrecht_von_Eberstein,1663,1605,certain,1676,certain,Denmark,Europe,Frederik_III,1648,1670
107,Ulrich,1667,1617,certain,1671,certain,Germany,Europe,Frederik_III,1648,1670
108,Wilhelm_VII,1667,1651,certain,1670,certain,Germany,Europe,Frederik_III,1648,1670
109,Karl,1667,1654,certain,1730,certain,Germany,Europe,Frederik_III,1648,1670
110,Ditlev_von_Ahlefeldt,1667,1617,certain,1686,certain,Denmark,Europe,Frederik_III,1648,1670
111,Christian_Albrecht,1667,1641,certain,1694,certain,Germany,Europe,Frederik_III,1648,1670
112,August_Friedrich,1667,1646,certain,1705,certain,Germany,Europe,Frederik_III,1648,1670
113,Christoffer_Parsberg,1667,1632,certain,1671,certain,Denmark,Europe,Frederik_III,1648,1670
114,Christian_Ernst,1668,1644,certain,1712,certain,Germany,Europe,Frederik_III,1648,1670
115,Ditlev_Rantzau,1669,1644,certain,1697,certain,Denmark,Europe,Frederik_III,1648,1670
116,Anton_Aldenburg,1670,1633,certain,1680,certain,Denmark,Europe,Christian_V,1670,1699
117,Joachim_Ernst_I,1671,1595,certain,1671,certain,Germany,Europe,Christian_V,1670,1699
118,Karl_II,1671,1651,certain,1685,certain,Germany,Europe,Christian_V,1670,1699
119,Frederik_IV,1671,1671,certain,1730,certain,Denmark,Europe,Christian_V,1670,1699
120,Johan_Adolf,1671,1634,certain,1704,certain,Germany,Europe,Christian_V,1670,1699
121,Christian_Wilhelm,1672,1672,certain,1673,certain,Denmark,Europe,Christian_V,1670,1699
122,Peder_Schumacher,1673,1635,certain,1699,certain,Denmark,Europe,Christian_V,1670,1699
123,Christian,1675,1675,certain,1695,certain,Denmark,Europe,Christian_V,1670,1699
124,Ernst_Günther,1675,1609,certain,1689,certain,Germany,Europe,Christian_V,1670,1699
125,August,1676,1635,certain,1699,certain,Germany,Europe,Christian_V,1670,1699
126,Friedrich,1676,1651,certain,1724,certain,Germany,Europe,Christian_V,1670,1699
127,Cornelis_Martenz_Tromp,1676,1629,certain,1691,certain,Netherlands,Europe,Christian_V,1670,1699
128,Friedrich_I,1678,1646,certain,1691,certain,Germany,Europe,Christian_V,1670,1699
129,Friedrich_III,1678,1657,certain,1713,certain,Germany,Europe,Christian_V,1670,1699
130,Johann_Friedrich,1679,1654,certain,1686,certain,Germany,Europe,Christian_V,1670,1699
131,Jens_Juel,1679,1631,certain,1700,certain,Denmark,Europe,Christian_V,1670,1699
132,Vincents_Joachim_Hahn,1679,1632,certain,1680,certain,Denmark,Europe,Christian_V,1670,1699
133,Niels_Juel,1679,1629,certain,1697,certain,Denmark,Europe,Christian_V,1670,1699
134,Gustav_Wilhelm_Wedel,1679,1641,certain,1717,certain,Denmark,Europe,Christian_V,1670,1699
135,Holger_Vind,1679,1623,certain,1683,certain,Denmark,Europe,Christian_V,1670,1699
136,Just_Høeg,1680,1640,certain,1694,certain,Denmark,Europe,Christian_V,1670,1699
137,Friedrich_II,1680,1633,certain,1708,certain,Germany,Europe,Christian_V,1670,1699
138,Carl,1680,1680,certain,1729,certain,Denmark,Europe,Christian_V,1670,1699
139,Godske_von_Buchwald,1680,1624,certain,1700,certain,Denmark,Europe,Christian_V,1670,1699
140,Conrad_Reventlow,1681,1644,certain,1708,certain,Denmark,Europe,Christian_V,1670,1699
141,Friedrich_VII_Magnus,1682,1647,certain,1709,certain,Germany,Europe,Christian_V,1670,1699
142,Christian_Eberhard,1682,1665,certain,1708,certain,Germany,Europe,Christian_V,1670,1699
143,Friedrich_Carl,1683,1632,uncertain,1690,certain,Denmark,Europe,Christian_V,1670,1699
144,Albrecht_III,1684,1648,certain,1699,certain,Germany,Europe,Christian_V,1670,1699
145,Johann_Georg_IV,1686,1668,certain,1694,certain,Germany,Europe,Christian_V,1670,1699
146,Friedrich_August_II,1686,1670,certain,1733,certain,Germany,Europe,Christian_V,1670,1699
147,Wilhelm,1687,1687,certain,1705,certain,Denmark,Europe,Christian_V,1670,1699
148,Ferdinand_Wilhelm,1688,1659,certain,1701,certain,Germany,Europe,Christian_V,1670,1699
149,Frederik_Ahlefeldt,1688,1662,certain,1708,certain,Denmark,Europe,Christian_V,1670,1699
150,Godard_van_Reede,1692,1644,certain,1703,certain,Netherlands,Europe,Christian_V,1670,1699
151,Anthon_Ulrich,1693,1633,certain,1714,certain,Germany,Europe,Christian_V,1670,1699
152,Christian_Gyldenløve,1693,1674,certain,1703,certain,Denmark,Europe,Christian_V,1670,1699
153,Friedrich_II,1694,1676,certain,1732,certain,Germany,Europe,Christian_V,1670,1699
154,Eberhard_IV_Ludwig,1694,1676,certain,1733,certain,Germany,Europe,Christian_V,1670,1699
155,Ernst_Ludwig,1694,1667,certain,1739,certain,Germany,Europe,Christian_V,1670,1699
156,Philipp,1694,1655,certain,1721,certain,Germany,Europe,Christian_V,1670,1699
157,Frederik_Ludvig,1694,1653,certain,1728,certain,Germany,Europe,Christian_V,1670,1699
158,Leopold_Eberhard,1694,1670,certain,1723,certain,Germany,Europe,Christian_V,1670,1699
159,Ulrich_Christian_Gyldenløve,1695,1678,certain,1719,certain,Denmark,Europe,Christian_V,1670,1699
160,Wilhelm_Ludwig,1695,1643,certain,1709,certain,Germany,Europe,Christian_V,1670,1699
161,Christian_Siegfried_von_Plessen,1695,1646,certain,1723,certain,Denmark,Europe,Christian_V,1670,1699
162,Johann_Adolf_I,1696,1649,certain,1697,certain,Germany,Europe,Christian_V,1670,1699
163,Christian,1697,1697,certain,1698,certain,Denmark,Europe,Christian_V,1670,1699
164,Heinrich,1698,1650,certain,1710,certain,Germany,Europe,Christian_V,1670,1699
165,Albrecht_Ernst_II,1698,1669,certain,1731,certain,Germany,Europe,Christian_V,1670,1699
166,Johann_Georg,1698,1677,certain,1712,certain,Germany,Europe,Christian_V,1670,1699
167,August_Wilhelm,1699,1662,certain,1731,certain,Germany,Europe,Christian_V,1670,1699
168,Christian_VI,1699,1699,certain,1746,certain,Denmark,Europe,Frederik_IV,1699,1730
169,Frederik_Carl,1701,1701,certain,1702,certain,Denmark,Europe,Frederik_IV,1699,1730
170,Georg,1703,1703,certain,1704,certain,Denmark,Europe,Frederik_IV,1699,1730
171,Fredrik_I,1700,1676,certain,1751,certain,Sweden,Europe,Frederik_IV,1699,1730
172,Johann_August,1701,1677,certain,1742,certain,Germany,Europe,Frederik_IV,1699,1730
173,Friedrich_Wilhelm,1703,1675,certain,1713,certain,Germany,Europe,Frederik_IV,1699,1730
174,Jacob_van_Wassenaer,1703,1645,certain,1714,certain,Netherlands,Europe,Frederik_IV,1699,1730
175,Karl_Rudolph,1703,1667,certain,1742,certain,Germany,Europe,Frederik_IV,1699,1730
176,Carl_Ahlefeldt,1703,1670,certain,1722,certain,Denmark,Europe,Frederik_IV,1699,1730
177,Christian_Ditlev_Reventlow,1707,1671,certain,1738,certain,Denmark,Europe,Frederik_IV,1699,1730
178,Anton_Aldenburg,1708,1681,certain,1738,certain,Denmark,Europe,Frederik_IV,1699,1730
179,August_III,1708,1696,certain,1763,certain,Poland,Europe,Frederik_IV,1699,1730
180,Christian_August,1709,1673,certain,1726,certain,Germany,Europe,Frederik_IV,1699,1730
181,Otto_Krabbe,1709,1641,certain,1719,certain,Denmark,Europe,Frederik_IV,1699,1730
182,Aleksandr_Danilovitj_Mensjikov,1710,1672,certain,1729,certain,Russia,Europe,Frederik_IV,1699,1730
183,Woldemar_Løvendal,1711,1660,certain,1740,certain,Denmark,Europe,Frederik_IV,1699,1730
184,Jobst_von_Scholten,1712,1647,uncertain,1721,certain,Denmark,Europe,Frederik_IV,1699,1730
185,Ulrich_Adolph,1712,1664,certain,1737,certain,Denmark,Europe,Frederik_IV,1699,1730
186,Pjotr_I,1713,1672,certain,1725,certain,Russia,Europe,Frederik_IV,1699,1730
187,Joachim_Friedrich,1713,1668,certain,1722,certain,Germany,Europe,Frederik_IV,1699,1730
188,Jakob_Heinrich,1713,1667,certain,1728,certain,Poland,Europe,Frederik_IV,1699,1730
189,Anikíta_Ivánovitj,1713,1668,certain,1726,certain,Russia,Europe,Frederik_IV,1699,1730
190,Vasílij_Vladímirovitj,1713,1667,certain,1746,certain,Russia,Europe,Frederik_IV,1699,1730
191,Vasílij_Lukitj,1713,1672,certain,1739,certain,Russia,Europe,Frederik_IV,1699,1730
192,Christian,1713,1682,certain,1736,certain,Germany,Europe,Frederik_IV,1699,1730
193,Ferdinand_Anton,1713,1688,certain,1754,certain,Denmark,Europe,Frederik_IV,1699,1730
194,Ditlev_Wibe,1716,1670,certain,1731,certain,Denmark,Europe,Frederik_IV,1699,1730
195,Franz_Joachim_von_Dewitz,1716,1666,certain,1719,certain,Denmark,Europe,Frederik_IV,1699,1730
196,Philip_Ernst,1716,1673,certain,1729,certain,Germany,Europe,Frederik_IV,1699,1730
197,Wilhelm_Adolph_Rantzau,1716,1688,certain,1734,certain,Denmark,Europe,Frederik_IV,1699,1730
198,Hans_Schack,1717,1676,certain,1719,certain,Denmark,Europe,Frederik_IV,1699,1730
199,Hans_Heinrich_von_Ahlefeldt,1717,1656,certain,1720,certain,Denmark,Europe,Frederik_IV,1699,1730
200,Christian_August,1721,1696,certain,1754,certain,Germany,Europe,Frederik_IV,1699,1730
201,Georg_Albrecht_I,1722,1690,certain,1734,certain,Germany,Europe,Frederik_IV,1699,1730
202,Christian_von_Lente,1722,1649,certain,1725,certain,Denmark,Europe,Frederik_IV,1699,1730
203,Christian_Sehested,1722,1666,certain,1740,certain,Denmark,Europe,Frederik_IV,1699,1730
204,Johann_Georg_von_Holstein,1722,1662,certain,1730,certain,Denmark,Europe,Frederik_IV,1699,1730
205,Frederik_V,1723,1723,certain,1766,certain,Denmark,Europe,Frederik_IV,1699,1730
206,Albrecht_Wolfgang,1725,1689,certain,1734,certain,Germany,Europe,Frederik_IV,1699,1730
207,Frederik_Christian,1726,1726,certain,1727,certain,Denmark,Europe,Frederik_IV,1699,1730
208,Ferdinand_Albrecht_II,1727,1680,certain,1735,certain,Germany,Europe,Frederik_IV,1699,1730
209,Christian_Ludvig_Scheel_von_Plessen,1727,1676,certain,1752,certain,Denmark,Europe,Frederik_IV,1699,1730
210,Friedriich_Reventlow,1727,1648,certain,1728,certain,Denmark,Europe,Frederik_IV,1699,1730
211,Carl,1728,1728,certain,1729,certain,Denmark,Europe,Frederik_IV,1699,1730
212,Georg_Friedrich_Karl,1728,1688,certain,1735,certain,Germany,Europe,Frederik_IV,1699,1730
213,Christian_Albrecht,1728,1672,certain,1740,certain,Germany,Europe,Frederik_IV,1699,1730
214,Friedrich_Ernst,1729,1703,certain,1762,certain,Germany,Europe,Frederik_IV,1699,1730
215,Friedrich_Karl,1730,1706,certain,1761,certain,Germany,Europe,Frederik_IV,1699,1730
216,Carl_Adolph_von_Plessen,1730,1678,certain,1758,certain,Denmark,Europe,Frederik_IV,1699,1730
217,Iver_Rosenkrantz,1730,1674,certain,1745,certain,Denmark,Europe,Christian_VI,1730,1746
218,Friedrich_von_Gram,1730,1664,certain,1741,certain,Denmark,Europe,Christian_VI,1730,1746
219,Vilhelm_Moritz_von_Buseck,1730,1665,certain,1741,certain,Denmark,Europe,Christian_VI,1730,1746
220,Mouritz_Wilhelm,1730,1688,certain,1731,certain,Germany,Europe,Christian_VI,1730,1746
221,Friedrich_Christian,1731,1708,certain,1769,certain,Germany,Europe,Christian_VI,1730,1746
222,Heinrich,1731,1661,certain,1738,certain,Germany,Europe,Christian_VI,1730,1746
223,Adolf_Friedrich_III,1731,1686,certain,1752,certain,Germany,Europe,Christian_VI,1730,1746
224,Karl,1731,1682,certain,1770,certain,Germany,Europe,Christian_VI,1730,1746
225,Otto_Blome,1731,1684,certain,1738,certain,Denmark,Europe,Christian_VI,1730,1746
226,Vincents_Lerche,1731,1666,certain,1742,certain,Denmark,Europe,Christian_VI,1730,1746
227,Chriistian_Rantzau,1731,1684,certain,1771,certain,Denmark,Europe,Christian_VI,1730,1746
228,Wulf_Blome,1731,1651,certain,1735,certain,Denmark,Europe,Christian_VI,1730,1746
229,Friedrich_Heinrich_Seckendorff,1732,1673,certain,1763,certain,Germany,Europe,Christian_VI,1730,1746
230,Friedrich_Christian_Leopold_Johann_Georg_Franz_Xaver,1733,1722,certain,1763,certain,Germany,Europe,Christian_VI,1730,1746
231,Friedrich_Carl,1733,1693,certain,1767,certain,Germany,Europe,Christian_VI,1730,1746
232,Ernst_Ferdinand,1734,1682,certain,1746,certain,Germany,Europe,Christian_VI,1730,1746
233,Karl_Edzard_I,1734,1716,certain,1744,certain,Germany,Europe,Christian_VI,1730,1746
234,Friedrich,1735,1711,certain,1763,certain,Germany,Europe,Christian_VI,1730,1746
235,Karl_I,1735,1713,certain,1780,certain,Germany,Europe,Christian_VI,1730,1746
236,Frederik,1736,1701,certain,1766,certain,Germany,Europe,Christian_VI,1730,1746
237,Christian_Ludwig_II,1737,1683,certain,1756,certain,Germany,Europe,Christian_VI,1730,1746
238,Karl_Christian_Erdmann,1737,1716,certain,1792,certain,Germany,Europe,Christian_VI,1730,1746
239,Karl_Ludwig,1738,1674,certain,1756,certain,Germany,Europe,Christian_VI,1730,1746
240,Ernst_Kasimir_I,1738,1687,certain,1749,certain,Germany,Europe,Christian_VI,1730,1746
241,Georg_Wilhelm_von_Hedwiger_Sponneck,1739,1672,certain,1740,certain,Denmark,Europe,Christian_VI,1730,1746
242,Werner_von_der_Schulenburg,1739,1679,certain,1755,certain,Denmark,Europe,Christian_VI,1730,1746
243,Poul_Vendelbo_Løvenørn,1739,1686,certain,1740,certain,Denmark,Europe,Christian_VI,1730,1746
244,Ludwig_VIII,1740,1691,certain,1768,certain,Germany,Europe,Christian_VI,1730,1746
245,Vasílij_Vladímirovitj,1742,1667,certain,1746,certain,Russia,Europe,Christian_VI,1730,1746
246,August_Ludwig,1742,1697,certain,1755,certain,Germany,Europe,Christian_VI,1730,1746
247,Johann_Ludwig_II,1743,1688,certain,1746,certain,Germany,Europe,Christian_VI,1730,1746
248,Henrik_Frederik_von_Søhlenthal,1743,1685,certain,1752,certain,Denmark,Europe,Christian_VI,1730,1746
249,Christian,1745,1745,certain,1747,certain,Denmark,Europe,Christian_VI,1730,1746
250,Johan_Ludvig_Holstein-Ledreborg,1747,1694,certain,1763,certain,Denmark,Europe,Frederik_V,1746,1766
251,Christian_August_von_Berckentin,1747,1694,certain,1758,certain,Denmark,Europe,Frederik_V,1746,1766
252,Johan_Sigismund_Schulin,1747,1694,certain,1750,certain,Denmark,Europe,Frederik_V,1746,1766
253,Friedrich_Danneskiold-Samsøe,1747,1703,certain,1770,certain,Denmark,Europe,Frederik_V,1746,1766
254,Henrik_von_Scholten,1747,1677,certain,1750,certain,Denmark,Europe,Frederik_V,1746,1766
255,Hans_Jacob_Arnoldt,1747,1669,certain,1758,certain,Denmark,Europe,Frederik_V,1746,1766
256,Michael_Numsen,1748,1686,certain,1757,certain,Denmark,Europe,Frederik_V,1746,1766
257,Nicolai_Gersdorff,1748,1688,certain,1748,certain,Denmark,Europe,Frederik_V,1746,1766
258,Christian_Lerche,1748,1692,certain,1757,certain,Denmark,Europe,Frederik_V,1746,1766
259,Frederik_Raben,1748,1693,certain,1773,certain,Denmark,Europe,Frederik_V,1746,1766
260,Claus_Reventlow,1748,1693,certain,1758,certain,Denmark,Europe,Frederik_V,1746,1766
261,Christian_VII,1749,1749,certain,1808,certain,Denmark,Europe,Frederik_V,1746,1766
262,Ernst_Friedrich_Karl_III,1749,1727,certain,1780,certain,Germany,Europe,Frederik_V,1746,1766
263,Frederik_Christian_I,1749,1721,certain,1794,certain,Germany,Europe,Frederik_V,1746,1766
264,Joachim_Brockdorff,1751,1695,certain,1763,certain,Denmark,Europe,Frederik_V,1746,1766
265,Christian_Frederik_Levetzau,1751,1682,certain,1756,certain,Denmark,Europe,Frederik_V,1746,1766
266,Frederik_Ludvig_von_Dehn,1752,1697,certain,1771,certain,Denmark,Europe,Frederik_V,1746,1766
267,Johan_Hartvig_Ernst_Bernstorff,1752,1712,certain,1772,certain,Denmark,Europe,Frederik_V,1746,1766
268,Hans_Adolph_von_Ahlefeldt,1752,1679,certain,1761,certain,Denmark,Europe,Frederik_V,1746,1766
269,Carl_von_Holstein,1752,1700,certain,1763,certain,Denmark,Europe,Frederik_V,1746,1766
270,Adam_Gottlob_Moltke,1752,1710,certain,1792,certain,Denmark,Europe,Frederik_V,1746,1766
271,Adolf_Fredrik,1752,1710,certain,1771,certain,Sweden,Europe,Frederik_V,1746,1766
272,Frederik,1753,1753,certain,1805,certain,Denmark,Europe,Frederik_V,1746,1766
273,Christian_Friis,1755,1691,certain,1763,certain,Denmark,Europe,Frederik_V,1746,1766
274,Wilhelm_IX,1760,1743,certain,1821,certain,Germany,Europe,Frederik_V,1746,1766
275,Friedrich_Carl_von_Gram,1760,1702,certain,1782,certain,Denmark,Europe,Frederik_V,1746,1766
276,Georg_Wilhelm_von_Søhlenthal,1760,1698,certain,1768,certain,Denmark,Europe,Frederik_V,1746,1766
277,Henrik_Bielke_Kaas,1760,1686,certain,1773,certain,Denmark,Europe,Frederik_V,1746,1766
278,Friedrich_II,1762,1717,certain,1785,certain,Germany,Europe,Frederik_V,1746,1766
279,Emil_August,1763,1722,certain,1786,certain,Germany,Europe,Frederik_V,1746,1766
280,Claude_Louis_Saint-Germain,1763,1707,certain,1778,certain,France,Europe,Frederik_V,1746,1766
281,Otto_Thott,1763,1703,certain,1785,certain,Denmark,Europe,Frederik_V,1746,1766
282,Jacob_Benzon,1763,1688,certain,1775,certain,Denmark,Europe,Frederik_V,1746,1766
283,Rochus_Friedrich_Lynar,1763,1708,certain,1781,certain,Denmark,Europe,Frederik_V,1746,1766
284,Victor_Christian_von_Plessen,1763,1696,certain,1771,certain,Denmark,Europe,Frederik_V,1746,1766
285,Wilhelm_August_von_der_Osten,1763,1697,certain,1764,certain,Denmark,Europe,Frederik_V,1746,1766
286,Karl_Otto_Hamilton,1763,1704,certain,1770,certain,Sweden,Europe,Frederik_V,1746,1766
287,Friedrich_Carl_Ferdinand,1764,1729,certain,1809,certain,Germany,Europe,Frederik_V,1746,1766
288,Ditlev_Reventlow,1766,1712,certain,1783,certain,Denmark,Europe,Christian_VII,1766,1808
289,Gustaf_III,1766,1746,certain,1792,certain,Sweden,Europe,Christian_VII,1766,1808
290,Karl,1766,1744,certain,1836,certain,Germany,Europe,Christian_VII,1766,1808
291,Karl_Christian,1766,1735,certain,1788,certain,Germany,Europe,Christian_VII,1766,1808
292,Hans_Rantzau,1767,1693,certain,1769,certain,Denmark,Europe,Christian_VII,1766,1808
293,Frederik_VI,1768,1768,certain,1839,certain,Denmark,Europe,Christian_VII,1766,1808
294,Volrad_August_von_der_Lühe,1768,1705,certain,1778,certain,Denmark,Europe,Christian_VII,1766,1808
295,Carl_Christian_von_Gram,1768,1703,certain,1780,certain,Denmark,Europe,Christian_VII,1766,1808
296,Conrad_Vilhelm_Ahlefeldt,1768,1707,certain,1791,certain,Denmark,Europe,Christian_VII,1766,1808
297,Casper_von_Saldern,1768,1710,certain,1786,certain,Denmark,Europe,Christian_VII,1766,1808
298,Jean_Henri_Desmercières,1768,1687,certain,1778,certain,Denmark,Europe,Christian_VII,1766,1808
299,Ludwig,1769,1745,certain,1794,certain,Germany,Europe,Christian_VII,1766,1808
300,Karl_Friedrich,1769,1728,certain,1811,certain,Germany,Europe,Christian_VII,1766,1808
301,Georg_August,1769,1748,certain,1785,certain,Germany,Europe,Christian_VII,1766,1808
302,Christian_Ditlev_Reventlow,1769,1710,certain,1775,certain,Denmark,Europe,Christian_VII,1766,1808
303,Christian_Conrad_Danneskiold-Laurvig,1769,1723,certain,1783,certain,Denmark,Europe,Christian_VII,1766,1808
304,Frederik_Christian_Rosenkrantz,1769,1724,certain,1802,certain,Denmark,Europe,Christian_VII,1766,1808
305,Schack_Carl_Rantzau,1772,1717,certain,1789,certain,Denmark,Europe,Christian_VII,1766,1808
306,Jørgen_Scheel,1773,1718,certain,1786,certain,Denmark,Europe,Christian_VII,1766,1808
307,Frederik_Henrik_Vilhelm,1773,1747,certain,1779,certain,Germany,Europe,Christian_VII,1766,1808
308,Henning_von_Qualen,1773,1703,certain,1785,certain,Denmark,Europe,Christian_VII,1766,1808
309,Volf_von_Ahlefeldt,1773,1689,certain,1777,certain,Denmark,Europe,Christian_VII,1766,1808
310,Heinrich_Carl_Schimmelmann,1773,1724,certain,1782,certain,Denmark,Europe,Christian_VII,1766,1808
311,Joachim_Otto_Schack_Rathlou,1773,1728,certain,1800,certain,Denmark,Europe,Christian_VII,1766,1808
312,Hans_Henrik_von_Eickstedt,1773,1715,certain,1801,certain,Denmark,Europe,Christian_VII,1766,1808
313,Erhard_Wedel-Friijs,1774,1710,certain,1786,certain,Denmark,Europe,Christian_VII,1766,1808
314,Eggert_Christopher_Knuth,1774,1722,certain,1776,certain,Denmark,Europe,Christian_VII,1766,1808
315,Ludwig,1774,1725,certain,1778,certain,Germany,Europe,Christian_VII,1766,1808
316,Karl_Georg_Lebrecht,1775,1730,certain,1789,certain,Germany,Europe,Christian_VII,1766,1808
317,Friedrich_Franz_I,1775,1756,certain,1837,certain,Germany,Europe,Christian_VII,1766,1808
318,Andreas_Peter_Bernstorff,1776,1735,certain,1797,certain,Denmark,Europe,Christian_VII,1766,1808
319,Grigorij_Aleksandrovitj_Potemkin,1776,1739,certain,1791,certain,Russia,Europe,Christian_VII,1766,1808
320,Waldemar_Herman_Schmettau,1776,1719,certain,1785,certain,Denmark,Europe,Christian_VII,1766,1808
321,Friedrich_Christian_Danneskiold-Samsøe,1777,1722,certain,1778,certain,Denmark,Europe,Christian_VII,1766,1808
322,Wolf_Veit_Christoph_von_Reitzenstein,1777,1710,certain,1781,certain,Denmark,Europe,Christian_VII,1766,1808
323,Karl_Paul_Ernst,1778,1729,certain,1780,certain,Germany,Europe,Christian_VII,1766,1808
324,Heinrich_VI,1779,1707,certain,1783,certain,Germany,Europe,Christian_VII,1766,1808
325,Peter_Friedrich_Ludwig,1780,1755,certain,1829,certain,Germany,Europe,Christian_VII,1766,1808
326,Karl_Georg_August,1780,1766,certain,1806,certain,Germany,Europe,Christian_VII,1766,1808
327,Frederik_Christian_II,1782,1765,certain,1814,certain,Germany,Europe,Christian_VII,1766,1808
328,Ludwig_Wilhelm_Geldricus_Ernst,1782,1756,certain,1817,certain,Germany,Europe,Christian_VII,1766,1808
329,Joachim_Godske_Moltke,1783,1746,certain,1818,certain,Denmark,Europe,Christian_VII,1766,1808
330,Friderich_Wilhelm_Wedel_Jarlsberg,1783,1724,certain,1790,certain,Denmark,Europe,Christian_VII,1766,1808
331,Heinrich_Vilhelm_von_Huth,1783,1717,certain,1806,certain,Denmark,Europe,Christian_VII,1766,1808
332,Anton_Heinrich_Moltke,1783,1734,certain,1792,certain,Denmark,Europe,Christian_VII,1766,1808
333,Adolph_Siegfried_von_der_Osten,1783,1726,certain,1797,certain,Denmark,Europe,Christian_VII,1766,1808
334,Henrik_Adam_Brockenhuus,1783,1720,certain,1803,certain,Denmark,Europe,Christian_VII,1766,1808
335,Christian_Friedrich_Holstein-Ledreborg,1783,1735,certain,1799,certain,Denmark,Europe,Christian_VII,1766,1808
336,Gregers_Christian_Haxthausen,1783,1733,certain,1802,certain,Denmark,Europe,Christian_VII,1766,1808
337,Ernst_Gottlob_Albert,1786,1742,certain,1814,certain,Germany,Europe,Christian_VII,1766,1808
338,Gustaf_IV_Adolf,1786,1778,certain,1837,certain,Sweden,Europe,Christian_VII,1766,1808
339,Christian_VIII,1787,1786,certain,1848,certain,Denmark,Europe,Christian_VII,1766,1808
340,Gustaf_Mauritz_Armfeldt,1787,1757,certain,1814,certain,Sweden,Europe,Christian_VII,1766,1808
341,Friedrich_Wilhelm,1789,1768,certain,1816,certain,Germany,Europe,Christian_VII,1766,1808
342,Frederik_Christian_Kaas,1790,1725,certain,1803,certain,Denmark,Europe,Christian_VII,1766,1808
343,Jørgen_Erik_Skeel,1790,1737,certain,1795,certain,Denmark,Europe,Christian_VII,1766,1808
344,Heinrich_Ernst_Schimmelmann,1790,1747,certain,1831,certain,Denmark,Europe,Christian_VII,1766,1808
345,Otto_Blome,1797,1735,certain,1803,certain,Denmark,Europe,Christian_VII,1766,1808
346,Frederik_Ferdinand,1800,1792,certain,1863,certain,Denmark,Europe,Christian_VII,1766,1808
347,Friedrich,1801,1771,certain,1845,certain,Germany,Europe,Christian_VII,1766,1808
348,Georg_Friderich_von_Krogh,1801,1732,certain,1818,certain,Denmark,Europe,Christian_VII,1766,1808
349,Nicolaus_Maximilian_Gersdorff,1801,1725,certain,1802,certain,Denmark,Europe,Christian_VII,1766,1808
350,Frederik_Carl_Emil,1803,1767,certain,1841,certain,Germany,Europe,Christian_VII,1766,1808
351,Carl_August,1803,1768,certain,1810,certain,Sweden,Europe,Christian_VII,1766,1808
352,Christian,1803,1776,certain,1814,certain,Germany,Europe,Christian_VII,1766,1808
353,Friedrich_Wilhelm_Philipp,1803,1761,certain,1830,certain,Germany,Europe,Christian_VII,1766,1808
354,Christian_Ditlev_Frederik_Reventlow,1803,1748,certain,1827,certain,Denmark,Europe,Christian_VII,1766,1808
355,Karl_Ludwig_August,1803,1762,certain,1807,certain,Germany,Europe,Christian_VII,1766,1808
356,Frederik_Carl_Ludwig,1804,1757,certain,1816,certain,Germany,Europe,Christian_VII,1766,1808
357,Wilhelm_Christopher_von_Diede,1806,1732,certain,1807,certain,Denmark,Europe,Christian_VII,1766,1808
358,Christian_Günther_Bernstorff,1808,1769,certain,1835,certain,Denmark,Europe,Christian_VII,1766,1808
359,Adam_Ludvig_Moltke,1808,1743,certain,1810,certain,Denmark,Europe,Christian_VII,1766,1808
360,Aleksandr_Borisovitj,1808,1752,certain,1818,certain,Russia,Europe,Christian_VII,1766,1808
361,Napoléon_I,1808,1769,certain,1821,certain,France,Europe,Frederik_VI,1808,1839
362,Aleksandr_I,1808,1777,certain,1825,certain,Russia,Europe,Frederik_VI,1808,1839
363,Louis_I_Buonaparte,1808,1778,certain,1846,certain,France,Europe,Frederik_VI,1808,1839
364,Carl_XIV_Johan,1808,1763,certain,1844,certain,Sweden,Europe,Frederik_VI,1808,1839
365,Marcus_Gerhard_Rosencrone,1809,1738,certain,1811,certain,Denmark,Europe,Frederik_VI,1808,1839
366,Christian_Ludwig_von_Stemann,1809,1730,certain,1813,certain,Denmark,Europe,Frederik_VI,1808,1839
367,Ernst_Friederich_Christoph_von_Düring,1809,1738,certain,1809,certain,Denmark,Europe,Frederik_VI,1808,1839
368,Heinrich_von_Levetzow,1810,1734,certain,1820,certain,Denmark,Europe,Frederik_VI,1808,1839
369,Christian_Frederik_Numsen,1810,1741,certain,1811,certain,Denmark,Europe,Frederik_VI,1808,1839
370,Carl_XIII,1810,1748,certain,1818,certain,Sweden,Europe,Frederik_VI,1808,1839
371,Friedrich,1810,1747,certain,1837,certain,Germany,Europe,Frederik_VI,1808,1839
372,Emil_Leopold_August,1810,1772,certain,1822,certain,Germany,Europe,Frederik_VI,1808,1839
373,Wilhelm,1810,1787,certain,1867,certain,Germany,Europe,Frederik_VI,1808,1839
374,Frederik_Moltke,1811,1754,certain,1836,certain,Denmark,Europe,Frederik_VI,1808,1839
375,Niels_Rosenkrantz,1811,1757,certain,1824,certain,Denmark,Europe,Frederik_VI,1808,1839
376,Jørgen_Balthasar_von_Winterfeldt,1811,1732,certain,1821,certain,Denmark,Europe,Frederik_VI,1808,1839
377,Jean-Pierre_Bachasson_Montalivet,1811,1766,certain,1823,certain,France,Europe,Frederik_VI,1808,1839
378,Francois_Nicolas_Mollien,1811,1758,certain,1850,certain,France,Europe,Frederik_VI,1808,1839
379,Antoine_Jean_Auguste_Durosnel,1811,1771,certain,1849,certain,France,Europe,Frederik_VI,1808,1839
380,Jérôme_Buonaparte,1811,1784,certain,1860,certain,France,Europe,Frederik_VI,1808,1839
381,Pierre_Alexandre_le_Camus,1811,1774,certain,1824,certain,Germany,Europe,Frederik_VI,1808,1839
382,Joseph_Antoine_Morio_de_L'Isle,1811,1771,certain,1811,certain,Germany,Europe,Frederik_VI,1808,1839
383,Karl_Ludwig_Friedrich,1811,1786,certain,1818,certain,Germany,Europe,Frederik_VI,1808,1839
384,Friedrich_Wilhelm_Paul_Leopold,1811,1785,certain,1831,certain,Germany,Europe,Frederik_VI,1808,1839
385,Hugues-Bernard_Maret,1812,1763,certain,1839,certain,France,Europe,Frederik_VI,1808,1839
386,Friedrich_Wilhelm_Karl_Ludwig,1812,1786,certain,1834,certain,Germany,Europe,Frederik_VI,1808,1839
387,Friedrich_Wilhelm_III,1814,1770,certain,1840,certain,Germany,Europe,Frederik_VI,1808,1839
388,Karl_August_Hardenberg,1814,1750,certain,1822,certain,Germany,Europe,Frederik_VI,1808,1839
389,Franz_I,1814,1768,certain,1835,certain,Austria,Europe,Frederik_VI,1808,1839
390,Klemens_Wenzel_Nepomuk_Lothar_von_Metternich,1814,1773,certain,1859,certain,Austria,Europe,Frederik_VI,1808,1839
391,Friedrich_I,1814,1754,certain,1816,certain,Germany,Europe,Frederik_VI,1808,1839
392,Levin_August_Theophil_von_Bennigsen,1815,1745,certain,1826,certain,Russia,Europe,Frederik_VI,1808,1839
393,Charles-Maurice_de_Talleyrand-Périgord,1815,1754,certain,1838,certain,France,Europe,Frederik_VI,1808,1839
394,Maximilian_I,1815,1756,certain,1825,certain,Germany,Europe,Frederik_VI,1808,1839
395,Karl_Philipp_Schwarzenberg,1815,1771,certain,1820,certain,Austria,Europe,Frederik_VI,1808,1839
396,George_IV,1815,1762,certain,1830,certain,United_Kingdom,Europe,Frederik_VI,1808,1839
397,Arthur_Wellesley,1815,1769,uncertain,1852,certain,United_Kingdom,Europe,Frederik_VI,1808,1839
398,Gebhard_Leberecht_von_Blücher,1815,1742,certain,1819,certain,Germany,Europe,Frederik_VI,1808,1839
399,Christian_August_II,1815,1798,certain,1869,certain,Germany,Europe,Frederik_VI,1808,1839
400,Frederik_Julius_Kaas,1815,1758,certain,1827,certain,Denmark,Europe,Frederik_VI,1808,1839
401,Johan_Sigismund_von_Møsting,1815,1759,certain,1843,certain,Denmark,Europe,Frederik_VI,1808,1839
402,Wilhelm_I,1816,1792,certain,1839,certain,Germany,Europe,Frederik_VI,1808,1839
403,Cay_Friedrich_Reventlow,1816,1753,certain,1834,certain,Denmark,Europe,Frederik_VI,1808,1839
404,Wilhelm_I,1817,1781,certain,1864,certain,Germany,Europe,Frederik_VI,1808,1839
405,Josias_von_Qualen,1817,1742,certain,1819,certain,Denmark,Europe,Frederik_VI,1808,1839
406,Frederik_VII,1817,1808,certain,1863,certain,Denmark,Europe,Frederik_VI,1808,1839
407,Johan_von_Bülow,1817,1751,certain,1828,certain,Denmark,Europe,Frederik_VI,1808,1839
408,Adam_Wilhelm_von_Hauch,1817,1755,certain,1838,certain,Denmark,Europe,Frederik_VI,1808,1839
409,Johan_Peter_Wleugel,1817,1736,certain,1825,certain,Denmark,Europe,Frederik_VI,1808,1839
410,Louis_XVIII,1818,1755,certain,1824,certain,France,Europe,Frederik_VI,1808,1839
411,Ferdinando_VII,1818,1784,certain,1833,certain,Spain,Europe,Frederik_VI,1808,1839
412,Armand_Emmanuel_Sophie_Septemanie_du_Plessis,1818,1766,certain,1822,certain,France,Europe,Frederik_VI,1808,1839
413,Ludwig_I,1819,1763,certain,1830,certain,Germany,Europe,Frederik_VI,1808,1839
414,Jean_Joseph_Paul_Augustin_Dessolles,1819,1767,certain,1828,certain,France,Europe,Frederik_VI,1808,1839
415,Carl_Robert_Nesselrode,1819,1780,certain,1862,certain,Russia,Europe,Frederik_VI,1808,1839
416,Ioannis_Antonius_Kapodistrias,1819,1776,certain,1831,certain,Greece,Europe,Frederik_VI,1808,1839
417,Wilhelm_II,1821,1777,certain,1847,certain,Germany,Europe,Frederik_VI,1808,1839
418,Peter_Hersleb_Classen,1823,1738,certain,1825,certain,Denmark,Europe,Frederik_VI,1808,1839
419,João_VI,1824,1767,certain,1826,certain,Brazil,South_America,Frederik_VI,1808,1839
420,Charles_X,1824,1757,certain,1836,certain,France,Europe,Frederik_VI,1808,1839
421,Ludwig_I,1825,1786,certain,1868,certain,Germany,Europe,Frederik_VI,1808,1839
422,Nikolaj_I,1826,1796,certain,1855,certain,Russia,Europe,Frederik_VI,1808,1839
423,Otto_Blome,1826,1770,certain,1849,certain,Denmark,Europe,Frederik_VI,1808,1839
424,Ove_Ramel_Sehested,1826,1757,certain,1838,certain,Denmark,Europe,Frederik_VI,1808,1839
425,Otto_Joachim_Moltke,1826,1770,certain,1853,certain,Denmark,Europe,Frederik_VI,1808,1839
426,Ove_Malling,1826,1747,certain,1829,certain,Denmark,Europe,Frederik_VI,1808,1839
427,Friedrich_Emil_August,1828,1800,certain,1865,certain,Germany,Europe,Frederik_VI,1808,1839
428,Poul_Christian_von_Stemann,1828,1764,certain,1855,certain,Denmark,Europe,Frederik_VI,1808,1839
429,Friedrich_August_I,1829,1783,certain,1853,certain,Germany,Europe,Frederik_VI,1808,1839
430,Francesco_I,1829,1777,certain,1830,certain,Italy,Europe,Frederik_VI,1808,1839
431,Ferdinando_Carlo_II,1829,1810,certain,1859,certain,Italy,Europe,Frederik_VI,1808,1839
432,Luigi_de_Medici,1829,1759,certain,1830,certain,Italy,Europe,Frederik_VI,1808,1839
433,William_IV,1830,1765,certain,1837,certain,United_Kingdom,Europe,Frederik_VI,1808,1839
434,Leopold_I,1830,1790,certain,1852,certain,Germany,Europe,Frederik_VI,1808,1839
435,Ferdinand_I,1831,1793,certain,1875,certain,Hungary,Europe,Frederik_VI,1808,1839
436,Aleksandr_II,1834,1818,certain,1881,certain,Russia,Europe,Frederik_VI,1808,1839
437,Joachim_Frederik_Bernstorff,1835,1771,certain,1835,certain,Denmark,Europe,Frederik_VI,1808,1839
438,Oscar_I,1835,1799,certain,1859,certain,Sweden,Europe,Frederik_VI,1808,1839
439,Andreas_Conrad_Peter_Rantzau,1836,1773,certain,1845,certain,Denmark,Europe,Frederik_VI,1808,1839
440,Adam_Wilhelm_Moltke,1836,1785,certain,1864,certain,Denmark,Europe,Frederik_VI,1808,1839
441,Hans_von_Krabbe-Carisius,1836,1771,certain,1845,certain,Denmark,Europe,Frederik_VI,1808,1839
442,Carl,1838,1813,certain,1878,certain,Germany,Europe,Frederik_VI,1808,1839
443,Ernst_August_I,1838,1771,certain,1851,certain,Germany,Europe,Frederik_VI,1808,1839
444,Kristofor_Andrejevitj,1838,1774,certain,1839,certain,Russia,Europe,Frederik_VI,1808,1839
445,Bernhard_II,1838,1800,certain,1882,certain,Germany,Europe,Frederik_VI,1808,1839
446,Paul_Friedrich,1838,1800,certain,1842,certain,Germany,Europe,Frederik_VI,1808,1839
447,Georg_Friedrich_Karl_Joseph,1838,1779,certain,1860,certain,Germany,Europe,Frederik_VI,1808,1839
448,Cai_Lorenz_Brockdorff,1839,1766,certain,1840,certain,Denmark,Europe,Frederik_VI,1808,1839
449,Conrad_Daniel_Blücher,1839,1764,certain,1845,certain,Denmark,Europe,Frederik_VI,1808,1839
450,Hans_Holsten,1839,1758,certain,1849,certain,Denmark,Europe,Frederik_VI,1808,1839
451,Friedrich_Wilhelm_IV,1840,1795,certain,1861,certain,Germany,Europe,Christian_VIII,1839,1848
452,Adolphe_Wilhelm_Karl_August_Friedrich,1840,1817,certain,1905,certain,Luxembourg,Europe,Christian_VIII,1839,1848
453,Ernst_Friedrich_Wilhelm_Karl_Ferdinand_Philipp_Ludwig,1840,1789,certain,1850,certain,Germany,Europe,Christian_VIII,1839,1848
454,Friedrich_Wilhelm_Georg_Adolph,1840,1820,certain,1884,certain,Germany,Europe,Christian_VIII,1839,1848
455,Gebhard_Moltke-Hvidtfeldt,1840,1764,certain,1851,certain,Denmark,Europe,Christian_VIII,1839,1848
456,Leopold_IV_Friedrich,1840,1794,certain,1871,certain,Germany,Europe,Christian_VIII,1839,1848
457,Wilhelm_I,1841,1797,certain,1888,certain,Germany,Europe,Christian_VIII,1839,1848
458,Ferdinand_II,1841,1816,certain,1885,certain,Portugal,Europe,Christian_VIII,1839,1848
459,Friedrich_August_Emil,1841,1802,certain,1843,certain,Germany,Europe,Christian_VIII,1839,1848
460,Alexius_Friedrich,1841,1781,certain,1866,certain,Germany,Europe,Christian_VIII,1839,1848
461,Gustav_Wilhelm,1841,1781,certain,1851,certain,Germany,Europe,Christian_VIII,1839,1848
462,Georg_Karl,1841,1793,certain,1881,certain,Germany,Europe,Christian_VIII,1839,1848
463,Friedrich_Franz_II,1842,1823,certain,1883,certain,Germany,Europe,Christian_VIII,1839,1848
464,Francis_Albert_Augustus_Charles_Emmanuel,1843,1819,certain,1861,certain,United_Kingdom,Europe,Christian_VIII,1839,1848
465,Christian_IX,1843,1818,certain,1906,certain,Denmark,Europe,Christian_VIII,1839,1848
466,Friedrich,1843,1814,certain,1885,certain,Germany,Europe,Christian_VIII,1839,1848
467,Heinrich_Carl_Waldemar,1843,1810,certain,1871,certain,Germany,Europe,Christian_VIII,1839,1848
468,Pjotr_Michailovitj_Volkonskij,1844,1776,certain,1852,certain,Russia,Europe,Christian_VIII,1839,1848
469,Konstantin,1844,1827,certain,1892,certain,Russia,Europe,Christian_VIII,1839,1848
470,Jouis_Philippe_I,1846,1773,certain,1850,certain,France,Europe,Christian_VIII,1839,1848
471,Leopold_I,1846,1790,certain,1865,certain,Belgium,Europe,Christian_VIII,1839,1848
472,Francois_Pierre_Guillaume_Guizot,1846,1787,certain,1874,certain,France,Europe,Christian_VIII,1839,1848
473,Élie_Decazes,1846,1780,certain,1860,certain,France,Europe,Christian_VIII,1839,1848
474,Carl_XV,1846,1826,certain,1872,certain,Sweden,Europe,Christian_VIII,1839,1848
475,Otto_I,1846,1815,certain,1867,certain,Greece,Europe,Christian_VIII,1839,1848
476,Anders_Sandøe_Ørsted,1847,1778,certain,1860,certain,Denmark,Europe,Christian_VIII,1839,1848
477,Heinrich_Anna_Reventlow-Criminil,1847,1798,certain,1869,certain,Denmark,Europe,Christian_VIII,1839,1848
478,Pedro_II,1847,1825,certain,1891,certain,Brazil,South_America,Christian_VIII,1839,1848
479,Franz_Gustaf_Oscar,1847,1827,certain,1852,certain,Sweden,Europe,Christian_VIII,1839,1848
480,Friedrich_Wilhelm_I,1848,1802,certain,1875,certain,Germany,Europe,Frederik_VII,1848,1863
481,Francisco_de_Asis_María_Fernando_de_Borbón_y_Borbón-Dos,1848,1822,certain,1902,certain,Spain,Europe,Frederik_VII,1848,1863
482,Aleksandr_Sergejevitj_Mensjikov,1848,1787,certain,1869,certain,Russia,Europe,Frederik_VII,1848,1863
483,Oscar_II,1848,1829,certain,1907,certain,Sweden,Europe,Frederik_VII,1848,1863
484,Severin_Løvenskiold,1848,1777,certain,1856,certain,Norway,Europe,Frederik_VII,1848,1863
485,Gustaf_Niels_Algernon_Adolf_Stierneld,1848,1791,certain,1868,certain,Sweden,Europe,Frederik_VII,1848,1863
486,Carl_Moltke,1848,1798,certain,1866,certain,Denmark,Europe,Frederik_VII,1848,1863
487,Franz_Joseph_I,1849,1830,certain,1916,certain,Austria,Europe,Frederik_VII,1848,1863
488,Wilhelm_III,1849,1817,certain,1890,certain,Luxembourg,Europe,Frederik_VII,1848,1863
489,Felix_Ludwig_Johann_Nepomuk_Friedrich_Schwarzenberg,1849,1800,certain,1852,certain,Austria,Europe,Frederik_VII,1848,1863
490,Johann_Joseph_Wentzel_Anton_Franz_Karl_Radetzky,1849,1766,certain,1858,certain,Austria,Europe,Frederik_VII,1848,1863
491,Ivan_Fjodorovitj_Paskevitj_Erivanskij,1850,1782,certain,1856,certain,Russia,Europe,Frederik_VII,1848,1863
492,Frederik_Ferdinand_von_Tillisch,1851,1801,certain,1889,certain,Denmark,Europe,Frederik_VII,1848,1863
493,Wilhelm,1851,1816,certain,1893,certain,Germany,Europe,Frederik_VII,1848,1863
494,Georg_V,1851,1819,certain,1878,certain,Germany,Europe,Frederik_VII,1848,1863
495,Carl_Nicolaus_August,1852,1831,certain,1873,certain,Sweden,Europe,Frederik_VII,1848,1863
496,Otto_Theodor_von_Manteuffel,1852,1805,certain,1882,certain,Germany,Europe,Frederik_VII,1848,1863
497,Karl_Ferdinand_Buol-Schauenstein,1852,1797,certain,1865,certain,Austria,Europe,Frederik_VII,1848,1863
498,Peter_II,1853,1827,certain,1900,certain,Germany,Europe,Frederik_VII,1848,1863
499,Friedrich_Karl_Alexander,1853,1801,certain,1883,certain,Germany,Europe,Frederik_VII,1848,1863
500,Ludvig_Nicolaus_von_Scheele,1854,1796,certain,1874,certain,Denmark,Europe,Frederik_VII,1848,1863
501,Napoléon_III,1855,1808,certain,1873,certain,France,Europe,Frederik_VII,1848,1863
502,Francois-Marcellin_Certain_Canrobert,1855,1809,certain,1895,certain,France,Europe,Frederik_VII,1848,1863
503,Joseph_Charles_Paul_Napoléon,1856,1822,certain,1891,certain,France,Europe,Frederik_VII,1848,1863
504,Christian_Albrecht_Bluhme,1857,1794,certain,1866,certain,Denmark,Europe,Frederik_VII,1848,1863
505,Aleksandr_Michailovitj_Gortjakov,1857,1798,certain,1883,certain,Russia,Europe,Frederik_VII,1848,1863
506,Alexandre_Florian_Joseph_Colonna-Walewsky,1857,1810,certain,1868,certain,France,Europe,Frederik_VII,1848,1863
507,Elias_von_Lagerheim,1857,1791,certain,1864,certain,Sweden,Europe,Frederik_VII,1848,1863
508,Muhammad-Ali-Pasha,1859,1833,certain,1861,certain,Egypt,Africa,Frederik_VII,1848,1863
509,Christopher_Rutger_Ludvig_Manderström,1859,1806,certain,1873,certain,Sweden,Europe,Frederik_VII,1848,1863
510,Nikolaj,1859,1843,certain,1865,certain,Russia,Europe,Frederik_VII,1848,1863
511,Wulff_Heinrich_Bernhard_Scheel-Plessen,1860,1809,certain,1876,certain,Denmark,Europe,Frederik_VII,1848,1863
512,Friedrich_Wilhelm,1860,1819,certain,1904,certain,Germany,Europe,Frederik_VII,1848,1863
513,Frederik_VIII,1861,1843,certain,1912,certain,Denmark,Europe,Frederik_VII,1848,1863
514,Vittorio_Emanuele_II,1861,1820,certain,1878,certain,Italy,Europe,Frederik_VII,1848,1863
515,Georg_I,1863,1845,certain,1913,certain,Greece,Europe,Frederik_VII,1848,1863
516,Umberto_I,1863,1844,certain,1900,certain,Italy,Europe,Frederik_VII,1848,1863
517,Amedeo_Ferdinando_Maria,1863,1845,certain,1890,certain,Italy,Europe,Frederik_VII,1848,1863
518,Valdemar,1863,1858,certain,1939,certain,Denmark,Europe,Christian_IX,1863,1906
519,Edward_VII,1863,1841,certain,1910,certain,United_Kingdom,Europe,Christian_IX,1863,1906
520,Henning_Ludvig_Hugo_Hamilton,1864,1814,certain,1886,certain,Sweden,Europe,Christian_IX,1863,1906
521,Johan,1864,1825,certain,1911,certain,Germany,Europe,Christian_IX,1863,1906
522,Louis_I,1864,1838,certain,1889,certain,Portugal,Europe,Christian_IX,1863,1906
523,Sergej_Stroganov,1864,1794,certain,1882,certain,Russia,Europe,Christian_IX,1863,1906
524,Julius,1864,1824,certain,1903,certain,Germany,Europe,Christian_IX,1863,1906
525,Christian_Frederik_von_Hansen,1865,1788,certain,1873,certain,Denmark,Europe,Christian_IX,1863,1906
526,Louis_Napoléon_Eugène_Jean_Joseph,1865,1856,certain,1879,certain,France,Europe,Christian_IX,1863,1906
527,Aleksandr_III,1865,1845,certain,1894,certain,Russia,Europe,Christian_IX,1863,1906
528,Leopold_II,1866,1835,certain,1909,certain,Belgium,Europe,Christian_IX,1863,1906
529,Maximiliian_I,1866,1832,certain,1867,certain,Mexico,North_America,Christian_IX,1863,1906
530,Edouard_Drouyn_de_Lhuys,1866,1805,certain,1881,certain,France,Europe,Christian_IX,1863,1906
531,Vladimir,1866,1847,certain,1909,certain,Russia,Europe,Christian_IX,1863,1906
532,Aleksej,1866,1850,certain,1908,certain,Russia,Europe,Christian_IX,1863,1906
533,Vladimir_Fjodorovitj_Adlerberg,1866,1790,uncertain,1884,certain,Russia,Europe,Christian_IX,1863,1906
534,Andrej_Shuvalov,1866,1802,certain,1873,certain,Russia,Europe,Christian_IX,1863,1906
535,George_William_Frederick_Charles,1867,1819,certain,1904,certain,United_Kingdom,Europe,Christian_IX,1863,1906
536,Friedrich_Wilhelm,1867,1790,certain,1876,certain,Germany,Europe,Christian_IX,1863,1906
537,Ludwig_Wilhelm,1867,1812,certain,1890,certain,Germany,Europe,Christian_IX,1863,1906
538,António_José_de_Ávila,1868,1806,certain,1881,certain,Portugal,Europe,Christian_IX,1863,1906
539,Wilhelm_Nicolai_Alexander_Frederik_Carl_Henrik,1868,1840,certain,1879,certain,Netherlands,Europe,Christian_IX,1863,1906
540,Nikolaj,1868,1831,certain,1891,certain,Russia,Europe,Christian_IX,1863,1906
541,Georg_August_Ernst_Adolf_Carl_Ludwig,1868,1824,certain,1876,certain,Germany,Europe,Christian_IX,1863,1906
542,Georg_Meyendorff,1868,1794,certain,1879,certain,Russia,Europe,Christian_IX,1863,1906
543,Marie_Edme_Patrice_Maurice_de_Mac-Mahon,1869,1808,certain,1893,certain,France,Europe,Christian_IX,1863,1906
544,Christian_Emil_Krag-Juel-Vind-Frijs,1869,1817,certain,1896,certain,Denmark,Europe,Christian_IX,1863,1906
545,Waldemar_Tully_von_Oxholm,1869,1805,certain,1876,certain,Denmark,Europe,Christian_IX,1863,1906
546,Gustaf_Adolf_Vive_Sparre,1869,1802,certain,1886,certain,Sweden,Europe,Christian_IX,1863,1906
547,Carl_Wachtmeister,1869,1823,certain,1871,certain,Sweden,Europe,Christian_IX,1863,1906
548,Ludwig_III,1870,1806,certain,1877,certain,Germany,Europe,Christian_IX,1863,1906
549,Christian_Conrad_Sophus_Danneskiold-Samsøe,1870,1800,certain,1886,certain,Denmark,Europe,Christian_IX,1863,1906
550,Ismail_Pasha,1871,1830,certain,1895,certain,Egypt,Africa,Christian_IX,1863,1906
551,Arthur_William_Patrick_Albert,1873,1850,certain,1942,certain,United_Kingdom,Europe,Christian_IX,1863,1906
552,Friedrich_III,1873,1831,certain,1888,certain,Germany,Europe,Christian_IX,1863,1906
553,Rudolph_Franz_Karl_Joseph,1873,1858,certain,1889,certain,Austria,Europe,Christian_IX,1863,1906
554,Magnus_Otto_Sophus_Danneskiold-Samsøe,1874,1804,certain,1894,certain,Denmark,Europe,Christian_IX,1863,1906
555,Axel_Gustaf_Adlercreutz,1874,1821,certain,1880,certain,Sweden,Europe,Christian_IX,1863,1906
556,Gustaf_V,1874,1858,certain,1950,certain,Sweden,Europe,Christian_IX,1863,1906
557,Wilhelm_Alexander_Carl_Henrik_Frederik,1874,1851,certain,1884,certain,Netherlands,Europe,Christian_IX,1863,1906
558,Carl_Christian_Hall,1874,1812,certain,1888,certain,Denmark,Europe,Christian_IX,1863,1906
559,Ludvig_Henrik_Carl_Herman_Holstein-Holsteinborg,1874,1815,certain,1892,certain,Denmark,Europe,Christian_IX,1863,1906
560,Konstantin,1875,1858,certain,1915,certain,Russia,Europe,Christian_IX,1863,1906
561,Alfred_Ernest_Albert,1875,1844,certain,1900,certain,United_Kingdom,Europe,Christian_IX,1863,1906
562,Philippe_Eugène_Ferdinand_Marie_Clément_Baudouin_Léopold_Georges,1875,1837,certain,1905,certain,Belgium,Europe,Christian_IX,1863,1906
563,Alexander_Ludwig_Georg_Friedrich_Emil,1875,1823,certain,1888,certain,Germany,Europe,Christian_IX,1863,1906
564,Louis_Charles_Élie_Amanieu,1876,1819,certain,1886,certain,France,Europe,Christian_IX,1863,1906
565,Friedrich_Ferdinand_Georg_Christian_Carl_Wilhelm,1876,1855,certain,1934,certain,Germany,Europe,Christian_IX,1863,1906
566,Wilhelm_IV,1876,1852,certain,1912,certain,Luxembourg,Europe,Christian_IX,1863,1906
567,Otto_Plessen,1876,1816,certain,1897,certain,Denmark,Europe,Christian_IX,1863,1906
568,Sergej,1876,1857,certain,1905,certain,Russia,Europe,Christian_IX,1863,1906
569,Pavel,1876,1860,certain,1919,certain,Russia,Europe,Christian_IX,1863,1906
570,Alexandr_Vladimirovitj_Adlerberg_II,1876,1818,certain,1888,certain,Russia,Europe,Christian_IX,1863,1906
571,Vladimir_Andrejevitj_Dolgorúkij,1876,1810,certain,1891,certain,Russia,Europe,Christian_IX,1863,1906
572,Dmitrij_Aleksejevitj_Miljutin,1876,1816,certain,1912,certain,Russia,Europe,Christian_IX,1863,1906
573,Friedrich_I,1877,1826,certain,1907,certain,Germany,Europe,Christian_IX,1863,1906
574,Alfonso_XII,1878,1857,certain,1885,certain,Spain,Europe,Christian_IX,1863,1906
575,Jacob_Brønnum_Scavenius_Estrup,1878,1825,certain,1913,certain,Denmark,Europe,Christian_IX,1863,1906
576,Albert_I,1878,1828,certain,1902,certain,Germany,Europe,Christian_IX,1863,1906
577,Karl_Alexander_August_Johann,1878,1818,certain,1901,certain,Germany,Europe,Christian_IX,1863,1906
578,Ludwig_IV,1878,1837,certain,1892,certain,Germany,Europe,Christian_IX,1863,1906
579,Ernst_August_Wilhelm_Adolph_Georg_Friedrich,1878,1845,certain,1923,certain,Germany,Europe,Christian_IX,1863,1906
580,Eduard_Ivanovitj_Totleben,1879,1818,certain,1884,certain,Russia,Europe,Christian_IX,1863,1906
581,Carol_I,1879,1839,certain,1914,certain,Romania,Europe,Christian_IX,1863,1906
582,Johan_Nicolai_Madvig,1879,1804,certain,1886,certain,Denmark,Europe,Christian_IX,1863,1906
583,Konstantin_Viktor_Ernst_Emil_Carl_Alexander_Friedrich,1879,1828,certain,1896,certain,Austria,Europe,Christian_IX,1863,1906
584,Frantz_Folliot_de_Crenneville,1879,1815,certain,1888,certain,Austria,Europe,Christian_IX,1863,1906
585,Wilhelm_II,1879,1859,certain,1941,certain,Germany,Europe,Christian_IX,1863,1906
586,Oscar_Carl_August,1880,1859,certain,1953,certain,Sweden,Europe,Christian_IX,1863,1906
587,Mikhail,1881,1832,certain,1909,certain,Russia,Europe,Christian_IX,1863,1906
588,Albrecht_Friedrich_Rudolf,1881,1817,certain,1895,certain,Austria,Europe,Christian_IX,1863,1906
589,Milan_I,1882,1854,certain,1901,certain,Serbia,Europe,Christian_IX,1863,1906
590,Ernst_I,1882,1826,certain,1908,certain,Germany,Europe,Christian_IX,1863,1906
591,Arthur_Pavlovitj_von_Mohrenheim,1882,1824,certain,1906,certain,Russia,Europe,Christian_IX,1863,1906
592,Alexander_I,1883,1857,certain,1893,certain,Bulgaria,Europe,Christian_IX,1863,1906
593,Oscar_Carl_Vilhelm,1883,1861,certain,1951,certain,Sweden,Europe,Christian_IX,1863,1906
594,Eugen_Napoleon_Nicolaus,1883,1865,certain,1947,certain,Sweden,Europe,Christian_IX,1863,1906
595,Carlos_I,1883,1863,certain,1908,certain,Portugal,Europe,Christian_IX,1863,1906
596,Albert_Victor_Christian_Edward,1883,1864,certain,1892,certain,United_Kingdom,Europe,Christian_IX,1863,1906
597,Nikolaj_II,1884,1868,certain,1918,certain,Russia,Europe,Christian_IX,1863,1906
598,Alexander_Friedrich_Wilhelm_Albrecht_Georg,1884,1863,certain,1945,certain,Germany,Europe,Christian_IX,1863,1906
599,Abdul_Hamid_II,1884,1842,certain,1918,certain,Turkey,Europe,Christian_IX,1863,1906
600,Robert_Philippe_Louis_Eugène_Ferdinand,1885,1840,certain,1910,certain,France,Europe,Christian_IX,1863,1906
601,George_V,1885,1865,certain,1936,certain,United_Kingdom,Europe,Christian_IX,1863,1906
602,Louis_Philippe_Albert,1885,1838,certain,1894,certain,France,Europe,Christian_IX,1863,1906
603,Konstantin_I,1886,1868,certain,1923,certain,Greece,Europe,Christian_IX,1863,1906
604,Mutsuhito,1887,1852,certain,1912,certain,Japan,Asia,Christian_IX,1863,1906
605,Albert_Wilhelm_Heinrich,1888,1862,certain,1929,certain,Germany,Europe,Christian_IX,1863,1906
606,Alexander_August_Wilhelm_von_Pape,1888,1813,certain,1895,certain,Germany,Europe,Christian_IX,1863,1906
607,Christian_X,1888,1870,certain,1947,certain,Denmark,Europe,Christian_IX,1863,1906
608,Nikolaj_Karlovitj_von_Giers,1888,1820,certain,1895,certain,Russia,Europe,Christian_IX,1863,1906
609,Georg,1888,1869,certain,1957,certain,Greece,Europe,Christian_IX,1863,1906
610,Nikola_I,1889,1841,certain,1921,certain,Montenegro,Europe,Christian_IX,1863,1906
611,Gustav_Sigmund_Kálnoky_von_Köröspatak,1889,1832,certain,1898,certain,Austria,Europe,Christian_IX,1863,1906
612,Karl_I,1889,1823,certain,1891,certain,Germany,Europe,Christian_IX,1863,1906
613,Georgij,1889,1871,certain,1899,certain,Russia,Europe,Christian_IX,1863,1906
614,Karl_Ludwig_Joseph_Maria,1890,1833,certain,1896,certain,Austria,Europe,Christian_IX,1863,1906
615,Haakon_VII,1890,1872,certain,1957,certain,Norway,Europe,Christian_IX,1863,1906
616,Karl_Stephan_Eugen_Victor_Felix_Maria,1890,1860,certain,1933,certain,Austria,Europe,Christian_IX,1863,1906
617,Nicolaus,1890,1872,certain,1938,certain,Greece,Europe,Christian_IX,1863,1906
618,Luitpold_Karl_Joseph_Wilhelm_Ludwig,1891,1821,certain,1912,certain,Germany,Europe,Christian_IX,1863,1906
619,Marie_Francois_Sadi_Carnot,1891,1837,certain,1894,certain,France,Europe,Christian_IX,1863,1906
620,Vittorio_Emanuele_III,1891,1869,certain,1947,certain,Italy,Europe,Christian_IX,1863,1906
621,Ilarion_Ivanovitj_Vorontsov_Dasjkov,1891,1837,certain,1916,certain,Russia,Europe,Christian_IX,1863,1906
622,Rama_V,1892,1853,certain,1910,certain,Thailand,Asia,Christian_IX,1863,1906
623,Louise_Wilhelmine_Frederikke_Caroline_Augusta_Julie,1892,1817,certain,1898,certain,Denmark,Europe,Christian_IX,1863,1906
624,Friedrich_Maria_Albrecht_Wilhelm_Karl,1892,1856,certain,1936,certain,Austria,Europe,Christian_IX,1863,1906
625,Albrecht_Christian_Adolf_Karl_Eugen,1892,1863,certain,1948,certain,Germany,Europe,Christian_IX,1863,1906
626,Carl_Ludvig_Løvenskiold,1892,1822,certain,1898,certain,Denmark,Europe,Christian_IX,1863,1906
627,Johannes_Magnus_Valdemar_Nellemann,1893,1831,certain,1906,certain,Denmark,Europe,Christian_IX,1863,1906
628,Friedrich_Franz_III,1894,1851,certain,1897,certain,Germany,Europe,Christian_IX,1863,1906
629,Harald_Christian_Frederik,1894,1876,certain,1949,certain,Denmark,Europe,Christian_IX,1863,1906
630,Peter_Christian_Nouvel_Buch,1894,1816,certain,1904,certain,Denmark,Europe,Christian_IX,1863,1906
631,Aleksandr,1895,1866,certain,1933,certain,Russia,Europe,Christian_IX,1863,1906
632,Friedrich_Karl_I,1895,1868,certain,1940,certain,Finland,Europe,Christian_IX,1863,1906
633,Stephan_Albrecht_Georg,1896,1846,certain,1911,certain,Germany,Europe,Christian_IX,1863,1906
634,Maha_Vajiravudh,1897,1881,certain,1925,certain,Thailand,Asia,Christian_IX,1863,1906
635,Svasti_Sobhana,1897,1865,certain,1935,certain,Thailand,Asia,Christian_IX,1863,1906
636,Friedrich_Franz_IV,1897,1882,certain,1945,certain,Germany,Europe,Christian_IX,1863,1906
637,Mikhail,1897,1878,certain,1918,certain,Russia,Europe,Christian_IX,1863,1906
638,Fredrik_von_Essen,1897,1831,certain,1921,certain,Sweden,Europe,Christian_IX,1863,1906
639,Friedrich_Wilhelm_Ludwig_Leopold_August,1897,1857,certain,1928,certain,Germany,Europe,Christian_IX,1863,1906
640,Nikolaj,1897,1859,certain,1919,certain,Russia,Europe,Christian_IX,1863,1906
641,Niels_Frederik_Ravn,1898,1826,certain,1910,certain,Denmark,Europe,Christian_IX,1863,1906
642,Johann_Albrecht_Ernst_Konstantin_Friedrich_Heinrich,1898,1857,certain,1920,certain,Germany,Europe,Christian_IX,1863,1906
643,Georg_Wilhelm_Christian_Albert_Edward_Alexander_Friedrich_Waldemar_Ernst_Adolf,1898,1880,certain,1912,certain,Germany,Europe,Christian_IX,1863,1906
644,Yoshihito,1899,1879,certain,1926,certain,Japan,Asia,Christian_IX,1863,1906
645,Friedrich_Wilhelm_Viktor_August_Ernst,1900,1882,certain,1951,certain,Germany,Europe,Christian_IX,1863,1906
646,Maximilian_Alexander_Friedrich_Wilhelm,1900,1867,certain,1929,certain,Germany,Europe,Christian_IX,1863,1906
647,Georgij,1900,1863,certain,1919,certain,Russia,Europe,Christian_IX,1863,1906
648,Friedrich_Georg_Wilhelm_Bruno,1900,1868,certain,1945,certain,Germany,Europe,Christian_IX,1863,1906
649,Émile_Francois_Loubet,1900,1838,certain,1929,certain,France,Europe,Christian_IX,1863,1906
650,Alfonso_XIII,1901,1886,certain,1941,certain,Spain,Europe,Christian_IX,1863,1906
651,Peter_Friedrich_Georg,1901,1868,certain,1924,certain,Germany,Europe,Christian_IX,1863,1906
652,Leopold_Friedrich_Edward_Karl_Alexander,1902,1856,certain,1918,certain,Germany,Europe,Christian_IX,1863,1906
653,Andreas,1902,1882,certain,1944,certain,Greece,Europe,Christian_IX,1863,1906
654,Lave_Gustaf_Beck-Friis,1902,1834,certain,1904,certain,Sweden,Europe,Christian_IX,1863,1906
655,August_Ludwig_Traugott_Eulenburg,1903,1838,certain,1921,certain,Germany,Europe,Christian_IX,1863,1906
656,Wilhelm_Ernst_Alexander_Friedrich_Heinrich_Albrecht,1903,1874,certain,1940,certain,Germany,Europe,Christian_IX,1863,1906
657,Gojong,1903,1852,certain,1919,certain,South_Korea,Asia,Christian_IX,1863,1906
658,Gustaf_VI_Adolf,1903,1882,certain,1973,certain,Sweden,Europe,Christian_IX,1863,1906
659,Paul_Friedrich_Wilhelm_Heinrich,1904,1852,certain,1923,certain,Germany,Europe,Christian_IX,1863,1906
660,Heinrich_XVIII,1904,1847,certain,1911,certain,Germany,Europe,Christian_IX,1863,1906
661,Adolf_Friedrich_V,1904,1848,certain,1914,certain,Germany,Europe,Christian_IX,1863,1906
662,Christian_Frederik_Vilhelm_Valdemar_Gustav,1905,1887,certain,1944,certain,Denmark,Europe,Christian_IX,1863,1906
663,Friedrich_Wilhelm_Victor_Karl_Ernst_Alexander_Heinrich,1905,1880,certain,1925,certain,Germany,Europe,Christian_IX,1863,1906
664,Aage_Christian_Alexander_Robert,1905,1887,certain,1940,certain,Denmark,Europe,Christian_IX,1863,1906
665,Hans_Ludwig_Raimund_von_Koester,1905,1844,certain,1928,certain,Germany,Europe,Christian_IX,1863,1906
666,Ernst_August_Christian_Georg,1905,1887,certain,1953,certain,Germany,Europe,Christian_IX,1863,1906
667,Carl_Eduard,1906,1884,certain,1954,certain,United_Kingdom,Europe,Frederik_VIII,1906,1912
668,Axel_Christian_Georg,1906,1888,certain,1964,certain,Denmark,Europe,Frederik_VIII,1906,1912
669,Conrad_Victor_Ankarcrona,1906,1823,certain,1912,certain,Sweden,Europe,Frederik_VIII,1906,1912
670,Louise_Josephine_Eugenie,1906,1851,certain,1926,certain,Denmark,Europe,Frederik_VIII,1906,1912
671,Wilhelm_Eitel_Friedrich_Christian_Karl,1906,1883,certain,1942,certain,Germany,Europe,Frederik_VIII,1906,1912
672,Bernhard_Heinrich_Martin_Karl_von_Bülow,1906,1849,certain,1929,certain,Germany,Europe,Frederik_VIII,1906,1912
673,Ludwig_Ferdinand_Maria_Karl_Heinrich_Adalbert_Franz_Philipp_Andreas_Konstantin,1907,1859,certain,1949,certain,Spain,Europe,Frederik_VIII,1906,1912
674,Clément_Armand_Fallières,1907,1841,certain,1931,certain,France,Europe,Frederik_VIII,1906,1912
675,Adalbert_Ferdinand_Berengar_Viktor,1907,1884,certain,1948,certain,Germany,Europe,Frederik_VIII,1906,1912
676,Carl_Vilhelm_Ludvig,1907,1884,certain,1965,certain,Sweden,Europe,Frederik_VIII,1906,1912
677,Ferdinand_I,1908,1865,certain,1927,certain,Romania,Europe,Frederik_VIII,1906,1912
678,Franz_Ferdinand_Karl_Ludwig_Joseph,1908,1863,certain,1914,certain,Austria,Europe,Frederik_VIII,1906,1912
679,Christian_Frederik_Danneskiold-Samsøe,1908,1838,certain,1914,certain,Denmark,Europe,Frederik_VIII,1906,1912
680,Erik_Frederik_Christian_Alexander,1908,1890,certain,1950,certain,Denmark,Europe,Frederik_VIII,1906,1912
681,Manuel_II,1909,1889,certain,1932,certain,Portugal,Europe,Frederik_VIII,1906,1912
682,Friedrich_August_II,1909,1852,certain,1931,certain,Germany,Europe,Frederik_VIII,1906,1912
683,Adolf_Anton_Vladimir_Freedericksz,1909,1838,certain,1927,certain,Russia,Europe,Frederik_VIII,1906,1912
684,Nikolaj,1909,1856,certain,1929,certain,Russia,Europe,Frederik_VIII,1906,1912
685,Khristophorus,1909,1888,certain,1940,certain,Greece,Europe,Frederik_VIII,1906,1912
686,Georg_II,1909,1890,certain,1947,certain,Greece,Europe,Frederik_VIII,1906,1912
687,Albert_I,1910,1875,certain,1934,certain,Belgium,Europe,Frederik_VIII,1906,1912
688,Ferdinand_I,1910,1861,certain,1948,certain,Bulgaria,Europe,Frederik_VIII,1906,1912
689,Arvid_Fredrik_Taube,1911,1853,certain,1916,certain,Sweden,Europe,Frederik_VIII,1906,1912
690,Johannes_Zeuthen_von_Schroll,1911,1831,certain,1916,certain,Denmark,Europe,Frederik_VIII,1906,1912
691,Chakrabongse_Bhuvanath,1911,1883,certain,1920,certain,Thailand,Asia,Frederik_VIII,1906,1912
692,Viggo_Christian_Adolph_Georg,1911,1893,certain,1970,certain,Denmark,Europe,Frederik_VIII,1906,1912
693,Vilhelm_Ludvig_Peter_Thomsen,1912,1842,certain,1927,certain,Denmark,Europe,Frederik_VIII,1906,1912
694,Frederik_IX,1912,1899,certain,1972,certain,Denmark,Europe,Christian_X,1912,1947
695,Knud_Christian_Frederik_Michael,1912,1900,certain,1976,certain,Denmark,Europe,Christian_X,1912,1947
696,August_Wilhelm_Heinrich_Günther_Viktor,1912,1887,certain,1949,certain,Germany,Europe,Christian_X,1912,1947
697,Alexandrine_Auguste,1912,1879,certain,1952,certain,Denmark,Europe,Christian_X,1912,1947
698,Erik_Gustaf_Ludvig_Albert,1912,1889,certain,1918,certain,Sweden,Europe,Christian_X,1912,1947
699,Heinrich,1912,1876,certain,1934,certain,Netherlands,Europe,Christian_X,1912,1947
700,Oskar_Karl_Gustav_Adolf,1913,1888,certain,1958,certain,Germany,Europe,Christian_X,1912,1947
701,Theobald_Theodor_Friedrich_Alfred_von_Bethmann-Hollweg,1913,1856,certain,1921,certain,Germany,Europe,Christian_X,1912,1947
702,Edward_VIII,1914,1894,certain,1972,certain,United_Kingdom,Europe,Christian_X,1912,1947
703,Arthur_Frederick_Patrick_Albert,1914,1883,certain,1938,certain,United_Kingdom,Europe,Christian_X,1912,1947
704,Raymond_Poincaré,1914,1860,certain,1934,certain,France,Europe,Christian_X,1912,1947
705,Hans_Niels_Andersen,1919,1852,certain,1937,certain,Denmark,Europe,Christian_X,1912,1947
706,Carl_Gustaf_Emil_Mannerheim,1919,1867,certain,1951,certain,Finland,Europe,Christian_X,1912,1947
707,Leopold_III,1919,1901,certain,1983,certain,Belgium,Europe,Christian_X,1912,1947
708,George_VI,1920,1895,certain,1952,certain,United_Kingdom,Europe,Christian_X,1912,1947
709,Étienne_Alexandre_Millerand,1920,1859,certain,1943,certain,France,Europe,Christian_X,1912,1947
710,René_Karl_Maria_Joseph,1921,1894,certain,1962,certain,France,Europe,Christian_X,1912,1947
711,Olav_V,1921,1903,certain,1991,certain,Norway,Europe,Christian_X,1912,1947
712,Epitácio_Lindolfo_da_Silva_Pessoa,1921,1865,certain,1942,certain,Brazil,South_America,Christian_X,1912,1947
713,Umberto_II,1922,1904,certain,1983,certain,Italy,Europe,Christian_X,1912,1947
714,Wilhelmina_Helena_Pauline_Maria,1922,1880,certain,1962,certain,Netherlands,Europe,Christian_X,1912,1947
715,George_Edward_Alexander_Edmund,1922,1902,certain,1942,certain,United_Kingdom,Europe,Christian_X,1912,1947
716,Hirohito,1923,1901,certain,1989,certain,Japan,Asia,Christian_X,1912,1947
717,Kjeld_Thor_Tage_Otto_Reedtz-Thott,1923,1839,certain,1923,certain,Denmark,Europe,Christian_X,1912,1947
718,Stanislaw_Wojciechowski,1923,1869,certain,1953,certain,Germany,Europe,Christian_X,1912,1947
719,Henry_William_Frederick_Albert,1924,1900,certain,1974,certain,United_Kingdom,Europe,Christian_X,1912,1947
720,Adolf_Friedrich_Albrecht_Heinrich,1924,1873,certain,1969,certain,Germany,Europe,Christian_X,1912,1947
721,Tomáš_Garrigue_Masaryk,1925,1850,certain,1937,certain,Czech_Republic,Europe,Christian_X,1912,1947
722,Rama_VII,1926,1893,certain,1941,certain,Thailand,Asia,Christian_X,1912,1947
723,Lauri_Kristian_Relander,1926,1883,certain,1942,certain,Finland,Europe,Christian_X,1912,1947
724,Charles_Théodore_Henri_Antoine_Meinrad,1926,1903,certain,1983,certain,Belgium,Europe,Christian_X,1912,1947
725,Pierre_Paul_Henri_Gaston_Doumergue,1927,1863,certain,1937,certain,France,Europe,Christian_X,1912,1947
726,Pavlos_I,1927,1901,certain,1964,certain,Greece,Europe,Christian_X,1912,1947
727,Kirill_Vladimirovitj_Romanov,1928,1876,certain,1938,certain,Russia,Europe,Christian_X,1912,1947
728,Alfonso_Pio_Cristino_Eduardo_Francisco_Guillermo_Carlos_Enrique_Fernando_Antonio_Venancio,1929,1907,certain,1938,certain,Spain,Europe,Christian_X,1912,1947
729,Jaime_Luitpold_Isabelino_Enrique_Alejandro_Alberto_Alfonso_Victor_Acacio_Pedro_Pablo_Maria,1929,1908,certain,1975,certain,Spain,Europe,Christian_X,1912,1947
730,Louis_II,1929,1870,certain,1949,certain,Monaco,Europe,Christian_X,1912,1947
731,Friedrich_Franz_Michael_Wilhelm_Nikolaus_Franz-Joseph_Ernst_August_Hans,1929,1910,certain,2001,certain,Germany,Europe,Christian_X,1912,1947
732,Alexander_I,1930,1888,certain,1934,certain,Serbia,Europe,Christian_X,1912,1947
733,Berthold_Friedrich,1930,1906,certain,1963,certain,Germany,Europe,Christian_X,1912,1947
734,Boribat,1930,1881,certain,1944,certain,Thailand,Asia,Christian_X,1912,1947
735,Purachatra_Jayakara,1930,1882,certain,1936,certain,Thailand,Asia,Christian_X,1912,1947
736,Damrong_Rajanubhab,1930,1862,certain,1943,certain,Thailand,Asia,Christian_X,1912,1947
737,Nobuhito_Takamatsu,1930,1905,certain,1987,certain,Japan,Asia,Christian_X,1912,1947
738,Jean_Pierre_Clément_Marie,1930,1874,certain,1940,certain,France,Europe,Christian_X,1912,1947
739,Paul_Doumer,1932,1857,certain,1932,certain,France,Europe,Christian_X,1912,1947
740,Christian_Nikolaus_Wilhelm_Friedrich_Albert_Ernst_Stephan,1932,1898,certain,1974,certain,Germany,Europe,Christian_X,1912,1947
741,Fuad_I,1932,1868,certain,1936,certain,Egypt,Africa,Christian_X,1912,1947
742,Albert_Lebrun,1933,1871,certain,1950,certain,France,Europe,Christian_X,1912,1947
743,Gustaf_Adolf_Oscar_Fredrik_Arthur_Edmund,1933,1906,certain,1947,certain,Sweden,Europe,Christian_X,1912,1947
744,Carl_Gustaf_Oscar_Fredrik_Christian,1933,1911,certain,2003,certain,Sweden,Europe,Christian_X,1912,1947
745,Paul,1934,1893,certain,1976,certain,Croatia,Europe,Christian_X,1912,1947
746,Peter,1934,1908,certain,1980,certain,Greece,Europe,Christian_X,1912,1947
747,Bertil_Gustaf_Oscar_Carl_Eugén,1935,1912,certain,1997,certain,Sweden,Europe,Christian_X,1912,1947
748,Carl_Johan_Arthur,1935,1916,certain,2012,certain,Sweden,Europe,Christian_X,1912,1947
749,Reza_Shah_Pahlavi,1937,1878,certain,1944,certain,Iran,Asia,Christian_X,1912,1947
750,Wilhelm_Friedrich_Christian_Günther_Albrecht_Adolf_Georg,1937,1891,certain,1965,certain,Germany,Europe,Christian_X,1912,1947
751,Gorm_Christian_Frederik_Hans_Harald,1937,1919,certain,1992,certain,Denmark,Europe,Christian_X,1912,1947
752,Georg_Valdemar_Carl_Axel,1938,1920,certain,1986,certain,Denmark,Europe,Christian_X,1912,1947
753,Ernst_August,1939,1914,certain,1987,certain,Germany,Europe,Christian_X,1912,1947
754,Miklós_Horthy_de_Nagybánya,1940,1868,certain,1957,certain,Hungary,Europe,Christian_X,1912,1947
755,Flemming_Valdemar_Carl_Axel,1940,1922,certain,2002,certain,Denmark,Europe,Christian_X,1912,1947
756,Oluf_Christian_Carl_Axel,1941,1923,certain,1990,certain,Denmark,Europe,Christian_X,1912,1947
757,Bernard_Law_Montgomery,1945,1887,certain,1976,certain,United_Kingdom,Europe,Christian_X,1912,1947
758,Dwight_David_Eisenhower,1945,1890,certain,1969,certain,United_States,North_America,Christian_X,1912,1947
759,Juliana_Louise_Emma_Marie_Wilhelmina,1946,1909,certain,2004,certain,Netherlands,Europe,Christian_X,1912,1947
760,Bernhard_Leopold_Friedrich_Eberhard_Julius_Kurt_Karl_Gottfried_Peter,1946,1911,certain,2004,certain,Netherlands,Europe,Christian_X,1912,1947
761,Margrethe_II,1947,1940,certain,NA,NA,Denmark,Europe,Frederik_IX,1947,1972
762,Benedikte_Astrid_Ingeborg_Ingrid,1947,1944,certain,NA,NA,Denmark,Europe,Frederik_IX,1947,1972
763,Anne-Marie_Dagmar_Ingrid,1947,1946,certain,NA,NA,Greece,Europe,Frederik_IX,1947,1972
764,Ingrid_Victoria,1947,1910,certain,2000,certain,Denmark,Europe,Frederik_IX,1947,1972
765,Niels_Henrik_David_Bohr,1947,1885,certain,1962,certain,Denmark,Europe,Frederik_IX,1947,1972
766,Elizabeth_II,1947,1926,certain,2022,certain,United_Kingdom,Europe,Frederik_IX,1947,1972
767,Philip,1947,1921,certain,2021,certain,United_Kingdom,Europe,Frederik_IX,1947,1972
768,Winston_Leonard_Spencer_Churchill,1950,1874,certain,1965,certain,United_Kingdom,Europe,Frederik_IX,1947,1972
769,Juho_Kusti_Paasikivi,1950,1870,certain,1956,certain,Finland,Europe,Frederik_IX,1947,1972
770,Jules-Vincent_Auriol,1950,1884,certain,1966,certain,France,Europe,Frederik_IX,1947,1972
771,Sigvard_Oscar_Fredrik_Bernadotte,1952,1907,certain,2002,certain,Sweden,Europe,Frederik_IX,1947,1972
772,Chumbhotbongse_Paripatra,1952,1904,certain,1959,certain,Thailand,Asia,Frederik_IX,1947,1972
773,Akihito,1953,1933,certain,NA,NA,Japan,Asia,Frederik_IX,1947,1972
774,Ásgeìr_Ásgeìrsson,1954,1894,certain,1972,certain,Iceland,Europe,Frederik_IX,1947,1972
775,Haile_Selassie_I,1954,1892,certain,1975,certain,Ethiopia,Africa,Frederik_IX,1947,1972
776,Makonnen_Haile_Selassie,1954,1923,certain,1957,certain,Ethiopia,Africa,Frederik_IX,1947,1972
777,Charlotte_Adelgonde_Élise_Marie_Wilhelmine,1955,1896,certain,1985,certain,Luxembourg,Europe,Frederik_IX,1947,1972
778,René_Coty,1955,1882,certain,1962,certain,France,Europe,Frederik_IX,1947,1972
779,Mikasa,1957,1915,certain,2016,certain,Japan,Asia,Frederik_IX,1947,1972
780,Urho_Kaleva_Kekkonen,1957,1900,certain,1986,certain,Finland,Europe,Frederik_IX,1947,1972
781,Harald_V,1958,1937,certain,NA,NA,Norway,Europe,Frederik_IX,1947,1972
782,Rama_IX,1958,1927,certain,2016,certain,Thailand,Asia,Frederik_IX,1947,1972
783,Mohammad_Reza_Pahlavi,1959,1919,certain,1980,certain,Iran,Asia,Frederik_IX,1947,1972
784,Caroline-Mathilde_Louise_Dagmar_Christiane_Maud_Augusta_Ingeborg_Thyra_Adelheid,1960,1912,certain,1995,certain,Denmark,Europe,Frederik_IX,1947,1972
785,Margaretha_Sofia_Lovisa_Ingeborg,1960,1899,certain,1977,certain,Denmark,Europe,Frederik_IX,1947,1972
786,Sirikit,1960,1932,certain,NA,NA,Thailand,Asia,Frederik_IX,1947,1972
787,Ingolf_Christian_Frederik_Knud_Harald_Gorm_Gustav_Viggo_Valdemar_Aage,1961,1940,certain,NA,NA,Denmark,Europe,Frederik_IX,1947,1972
788,Eleanor_Margaret_Green,1961,1895,certain,1966,certain,Denmark,Europe,Frederik_IX,1947,1972
789,Konstantin_II,1962,1940,certain,2023,certain,Greece,Europe,Frederik_IX,1947,1972
790,Elisabeth_Caroline-Mathilde_Alexandrine_Helena_Olga_Thyra_Feodora_Estrid_Margarethe_Désirée,1962,1935,certain,2018,certain,Denmark,Europe,Frederik_IX,1947,1972
791,Adolf_Schärf,1962,1890,certain,1965,certain,Austria,Europe,Frederik_IX,1947,1972
792,Frederika_Luise_Thyra_Victoria_Margarete_Sophie_Olga_Cecilie_Isabella_Christa,1963,1917,certain,1981,certain,Greece,Europe,Frederik_IX,1947,1972
793,Farah_Pahlavi,1963,1938,certain,NA,NA,Iran,Asia,Frederik_IX,1947,1972
794,Habib_Ben_Ali_Bourguiba,1963,1903,certain,2000,certain,Tunisia,Africa,Frederik_IX,1947,1972
795,Julius_Kambarage_Nyerere,1963,1922,certain,1999,certain,Tanzania,Africa,Frederik_IX,1947,1972
796,Christian_Frederik_Franz_Knud_Harald_Carl_Oluf_Gustav_Georg_Erik,1963,1942,certain,2013,certain,Denmark,Europe,Frederik_IX,1947,1972
797,Antonio_Segni,1964,1891,certain,1972,certain,Italy,Europe,Frederik_IX,1947,1972
798,Irene,1964,1942,certain,NA,NA,Greece,Europe,Frederik_IX,1947,1972
799,Michael,1964,1939,certain,NA,NA,Greece,Europe,Frederik_IX,1947,1972
800,Carl_XVI_Gustaf,1965,1946,certain,NA,NA,Sweden,Europe,Frederik_IX,1947,1972
801,Charles_de_Gaulle,1965,1890,certain,1970,certain,France,Europe,Frederik_IX,1947,1972
802,Masahito,1965,1935,certain,NA,NA,Japan,Asia,Frederik_IX,1947,1972
803,Baudouin_I,1966,1930,certain,1993,certain,Belgium,Europe,Frederik_IX,1947,1972
804,Giuseppe_Saragat,1966,1898,certain,1988,certain,Italy,Europe,Frederik_IX,1947,1972
805,Henrik,1967,1934,certain,2018,certain,Denmark,Europe,Frederik_IX,1947,1972
806,Richard_Casimir_Karl_August_Konstantin,1968,1934,certain,2017,certain,Germany,Europe,Frederik_IX,1947,1972
807,Albert_II,1968,1934,certain,NA,NA,Belgium,Europe,Frederik_IX,1947,1972
808,Asfa_Wossen_Haile_Selassie,1970,1916,certain,1997,certain,Ethiopia,Africa,Frederik_IX,1947,1972
809,Gustav_Walter_Heinemann,1970,1899,certain,1976,certain,Germany,Europe,Frederik_IX,1947,1972
810,Kristján_Eldjárn,1970,1916,certain,1982,certain,Iceland,Europe,Frederik_IX,1947,1972
811,Frederik_André_Henrik_Christian,1972,1968,certain,NA,NA,Denmark,Europe,Margrethe_II,1972,NA
812,Joachim_Holger_Waldemar_Christian,1972,1969,certain,NA,NA,Denmark,Europe,Margrethe_II,1972,NA
813,Christina_Louise_Helena,1973,1943,certain,NA,NA,Sweden,Europe,Margrethe_II,1972,NA
814,Sonja,1973,1937,certain,NA,NA,Norway,Europe,Margrethe_II,1972,NA
815,Anne_Ferelith_Fenella,1974,1917,certain,1980,certain,Denmark,Europe,Margrethe_II,1972,NA
816,Charles_III,1974,1948,certain,NA,NA,United_Kingdom,Europe,Margrethe_II,1972,NA
817,Josip_Broz_Tito,1974,1892,certain,1980,certain,Croatia,Europe,Margrethe_II,1972,NA
818,Beatrix_Wilhelmina_Armgard,1975,1938,certain,NA,NA,Netherlands,Europe,Margrethe_II,1972,NA
819,Claus,1975,1926,certain,2002,certain,Netherlands,Europe,Margrethe_II,1972,NA
820,Jean,1976,1921,certain,2019,certain,Luxembourg,Europe,Margrethe_II,1972,NA
821,Joséphine-Charlotte,1976,1927,certain,2005,certain,Luxembourg,Europe,Margrethe_II,1972,NA
822,Giovanni_Leone,1977,1908,certain,2001,certain,Italy,Europe,Margrethe_II,1972,NA
823,Valéry_Marie_René_Giscard_d'Estaing,1978,1926,certain,2020,certain,France,Europe,Margrethe_II,1972,NA
824,Rudolf_Kirchschläger,1979,1915,certain,2000,certain,Austria,Europe,Margrethe_II,1972,NA
825,Juan_Carlos_I,1980,1938,certain,NA,NA,Spain,Europe,Margrethe_II,1972,NA
826,Sofia,1980,1938,certain,NA,NA,Spain,Europe,Margrethe_II,1972,NA
827,Nicolae_Ceausescu,1980,1918,certain,1989,certain,Romania,Europe,Margrethe_II,1972,NA
828,Vigdis_Finnbogadóttir,1981,1930,certain,NA,NA,Iceland,Europe,Margrethe_II,1972,NA
829,Nagako,1981,1903,certain,2000,certain,Japan,Asia,Margrethe_II,1972,NA
830,Francois_Maurice_Adrien_Marie_Mitterrand,1982,1916,certain,1996,certain,France,Europe,Margrethe_II,1972,NA
831,Mauno_Henrik_Koivisto,1983,1923,certain,2017,certain,Finland,Europe,Margrethe_II,1972,NA
832,Fahd_bin_Abdul_Aziz_al_Saud,1984,1921,certain,2005,certain,Saudi_Arabia,Asia,Margrethe_II,1972,NA
833,António_dos_Santos_Ramalho_Eanes,1984,1935,certain,NA,NA,Portugal,Europe,Margrethe_II,1972,NA
834,Silvia,1985,1943,certain,NA,NA,Sweden,Europe,Margrethe_II,1972,NA
835,Muhammad_Hosni_Mubarak,1986,1928,certain,2020,certain,Egypt,Africa,Margrethe_II,1972,NA
836,Hassan_II,1988,1929,certain,1999,certain,Morocco,Africa,Margrethe_II,1972,NA
837,Richard_Karl_von_Weizsäcker,1989,1920,certain,2015,certain,Germany,Europe,Margrethe_II,1972,NA
838,Birendra_Bir_Bikram_Shah_Dev,1989,1945,certain,2001,certain,Nepal,Asia,Margrethe_II,1972,NA
839,Haakon_Magnus,1991,1973,certain,NA,NA,Norway,Europe,Margrethe_II,1972,NA
840,Mário_Alberto_Nobre_Lopes_Soares,1992,1924,certain,2017,certain,Portugal,Europe,Margrethe_II,1972,NA
841,Märtha_Louise,1992,1971,certain,NA,NA,Norway,Europe,Margrethe_II,1972,NA
842,Lech_Walesa,1993,1943,certain,NA,NA,Germany,Europe,Margrethe_II,1972,NA
843,Oscar_Luigi_Scalfaro,1993,1918,certain,2012,certain,Italy,Europe,Margrethe_II,1972,NA
844,Lennart_Georg_Meri,1994,1929,certain,2006,certain,Estonia,Europe,Margrethe_II,1972,NA
845,Martti_Oiva_Kalevi_Ahtisaari,1994,1937,certain,NA,NA,Finland,Europe,Margrethe_II,1972,NA
846,Paola,1995,1937,certain,NA,NA,Belgium,Europe,Margrethe_II,1972,NA
847,Victoria_Ingrid_Alice_Désirée,1995,1977,certain,NA,NA,Sweden,Europe,Margrethe_II,1972,NA
848,Alexandra_Christina,1995,1964,certain,NA,NA,Denmark,Europe,Margrethe_II,1972,NA
849,Nelson_Mandela,1996,1918,certain,2013,certain,South_Africa,Africa,Margrethe_II,1972,NA
850,Algirdas_Mykolas_Brazauskas,1996,1932,certain,2010,certain,Lithuania,Europe,Margrethe_II,1972,NA
851,Ólafur_Ragnar_Grímsson,1996,1943,certain,NA,NA,Iceland,Europe,Margrethe_II,1972,NA
852,Pavlos,1997,1967,certain,NA,NA,Greece,Europe,Margrethe_II,1972,NA
853,Guntis_Ulmanis,1997,1939,certain,NA,NA,Latvia,Europe,Margrethe_II,1972,NA
854,Willem-Alexander,1998,1967,certain,NA,NA,Netherlands,Europe,Margrethe_II,1972,NA
855,Hussein_I_bin_Talal,1998,1935,certain,1999,certain,Jordan,Asia,Margrethe_II,1972,NA
856,Noor,1998,1951,certain,NA,NA,Jordan,Asia,Margrethe_II,1972,NA
857,Michiko,1998,1934,certain,NA,NA,Japan,Asia,Margrethe_II,1972,NA
858,Fernando_Henrique_Cardoso,1999,1931,certain,NA,NA,Brazil,South_America,Margrethe_II,1972,NA
859,Emil_Constantinescu,2000,1939,certain,NA,NA,Romania,Europe,Margrethe_II,1972,NA
860,Petar_Stefanov_Stoyanov,2000,1952,certain,NA,NA,Bulgaria,Europe,Margrethe_II,1972,NA
861,Arnold_Mærsk_Mc-Kinney_Møller,2000,1913,certain,2012,certain,Denmark,Europe,Margrethe_II,1972,NA
862,Rama_X,2001,1952,certain,NA,NA,Thailand,Asia,Margrethe_II,1972,NA
863,Tarja_Kaarina_Halonen,2001,1943,certain,NA,NA,Finland,Europe,Margrethe_II,1972,NA
864,Milan_Kucan,2001,1941,certain,NA,NA,Slovenia,Europe,Margrethe_II,1972,NA
865,Johannes_Rau,2002,1931,certain,2006,certain,Germany,Europe,Margrethe_II,1972,NA
866,Philippe_Léopold_Louis_Marie,2002,1960,certain,NA,NA,Belgium,Europe,Margrethe_II,1972,NA
867,Henri,2003,1955,certain,NA,NA,Luxembourg,Europe,Margrethe_II,1972,NA
868,Maria_Teresa,2003,1956,certain,NA,NA,Luxembourg,Europe,Margrethe_II,1972,NA
869,Ion_Illiescu,2004,1930,certain,NA,NA,Romania,Europe,Margrethe_II,1972,NA
870,Mary_Elizabeth,2004,1972,certain,NA,NA,Denmark,Europe,Margrethe_II,1972,NA
871,Naruhito,2004,1960,certain,NA,NA,Japan,Asia,Margrethe_II,1972,NA
872,Georgi_Sedefchov_Parvanov,2006,1957,certain,NA,NA,Bulgaria,Europe,Margrethe_II,1972,NA
873,Karolos_Papoulias,2006,1929,certain,2021,certain,Greece,Europe,Margrethe_II,1972,NA
874,Luiz_Inácio_Lula_da_Silva,2007,1945,certain,NA,NA,Brazil,South_America,Margrethe_II,1972,NA
875,Roh_Moo-Hyun,2007,1946,certain,2009,certain,South_Korea,Asia,Margrethe_II,1972,NA
876,Felipe_de_Jesús_Calderón_Hinojosa,2008,1962,certain,NA,NA,Mexico,North_America,Margrethe_II,1972,NA
877,Marie_Agathe_Odile,2008,1976,certain,NA,NA,Denmark,Europe,Margrethe_II,1972,NA
878,Lee_Myung-bak,2011,1941,certain,NA,NA,South_Korea,Asia,Margrethe_II,1972,NA
879,Ivan_Gasparovic,2012,1941,certain,NA,NA,Slovakia,Europe,Margrethe_II,1972,NA
880,Sauli_Niinistö,2013,1948,certain,NA,NA,Finland,Europe,Margrethe_II,1972,NA
881,Mette-Marit,2014,1973,certain,NA,NA,Norway,Europe,Margrethe_II,1972,NA
882,Ivo_Josipovic,2014,1957,certain,NA,NA,Croatia,Europe,Margrethe_II,1972,NA
883,Máxima,2015,1971,certain,NA,NA,Netherlands,Europe,Margrethe_II,1972,NA
884,Enrique_Pena_Nieto,2016,1966,certain,NA,NA,Mexico,North_America,Margrethe_II,1972,NA
885,Guoni_Thorlacius_Jóhannesson,2017,1968,certain,NA,NA,Iceland,Europe,Margrethe_II,1972,NA
886,Mathilde,2017,1973,certain,NA,NA,Belgium,Europe,Margrethe_II,1972,NA
887,Emmanuel_Macron,2018,1977,certain,NA,NA,France,Europe,Margrethe_II,1972,NA
888,Frank-Walter_Steinmeier,2021,1956,certain,NA,NA,Germany,Europe,Margrethe_II,1972,NA
889,Ingrid_Alexandra,2022,2004,certain,NA,NA,Norway,Europe,Margrethe_II,1972,NA